publication;date;reference;type;log;url;decision;summary
TRUE;2024-03-05;8C_333/2023;Gesundheitswesen & soziale Sicherheit*;valid page;https://www.bger.ch/ext/eurospider/live/fr/php/aza/http/index.php?highlight_docid=aza://01-02-2024-8C_333-2023&lang=fr&zoom=&type=show_document;"
      
 
Bundesgericht 
Tribunal fédéral 
Tribunale federale 
Tribunal federal 
 
               
  
  
 
 
 

    
  8C_333/2023
  
 
 
 

    
  Urteil vom 1. Februar 2024
  
 
 

    
  IV. öffentlich-rechtliche Abteilung
  
 
 
Besetzung 
Bundesrichter Wirthlin, Präsident, 
Bundesrichter Maillard, Bundesrichterinnen Heine, Viscione, Bundesrichter Métral, 
Gerichtsschreiber Wüest. 
 
Verfahrensbeteiligte 
A.________, 
vertreten durch Advokat André M. Brunner, 
Beschwerdeführer, 
 

    
  gegen
  
 
 
Sozialhilfebehörde Rümlingen, 
Häfelfingerstrasse 6, 4444 Rümlingen, 
Beschwerdegegnerin. 
 
Gegenstand 
Sozialhilfe (Rückerstattung), 
 
Beschwerde gegen das Urteil des Kantonsgerichts Basel-Landschaft vom 8. Februar 2023 (810 22 194). 
 
 

    
  Sachverhalt:
  
 
 

    
  A. 
 
 

    
  A.a. A.________ bezog im Jahr 2010 und ab 1. September 2013 wirtschaftliche Sozialhilfe von der Gemeinde Rümlingen. Mit Verfügung vom 17. März 2022 stellte die Sozialhilfebehörde Rümlingen die Sozialhilfeleistungen per 31. März 2022 ein. Gleichzeitig forderte sie ausgerichtete Leistungen in der Höhe von Fr. 77'671.80 (April 2019 bis März 2022) zurück. Sie begründete dies damit, dass A.________ über ein Freizügigkeitskonto verfüge, über das er die Sozialhilfebehörde nicht informiert habe. Das Guthaben hätte er fünf Jahre vor dem ordentlichen Rentenalter, d.h. per 1. April 2019, beziehen können, so dass er ab diesem Zeitpunkt nicht mehr von der Sozialhilfe abhängig gewesen wäre. Die laufende Unterstützung sei beendet worden, weil er per 1. April 2022 für den Vorbezug der Altersrente der Alters- und Hinterlassenenversicherung (AHV) angemeldet sei und gleichzeitig Ergänzungsleistungen (EL) beantragt habe. Die gegen die Rückforderung erhobene Einsprache wies die Sozialhilfebehörde mit Entscheid vom 29. März 2022 ab.
 
 

    
  A.b. Mit Beschluss vom 13. September 2022 entschied auch der Regierungsrat des Kantons Basel-Landschaft abschlägig, indem er die von A.________ gegen die Einsprache der Sozialhilfebehörde erhobene Beschwerde abwies. Zur Begründung hielt er fest, A.________ hätte ab dem 1. April 2019 zum Vorbezug des Freizügigkeitsguthabens verpflichtet werden können. Die seither ausgerichteten Unterstützungsleistungen stellten daher unrechtmässig bezogene Leistungen dar und seien zurückzuerstatten.
 
 

    
  B. 
 
Die hiergegen erhobene Beschwerde wies das Kantonsgericht Basel-Landschaft mit Urteil vom 8. Februar 2023 ab. 
 

    
  C. 
 
Mit Beschwerde in öffentlich-rechtlichen Angelegenheiten lässt A.________ beantragen, es sei das Urteil des Kantonsgerichts Basel-Landschaft aufzuheben und von einer Rückerstattung unrechtmässig bezogener Leistungen abzusehen. Zudem ersucht er um Gewährung der unentgeltlichen Rechtspflege und Verbeiständung. 
Die Sozialhilfebehörde und die Vorinstanz verzichten auf eine Vernehmlassung. 
 
 

    
  Erwägungen:
  
 
 

    
  1. 
 
 

    
  1.1. Das angefochtene Urteil betrifft die Rückerstattung von wirtschaftlicher Sozialhilfe. Es handelt sich somit um eine öffentlich-rechtliche Angelegenheit im Sinne von Art. 82 lit. a BGG. Gegen Entscheide letztinstanzlicher kantonaler Gerichte in Angelegenheiten des öffentlichen Rechts ist die Beschwerde in öffentlich-rechtlichen Angelegenheiten an das Bundesgericht zulässig (Art. 82 lit. a, Art. 86 Abs. 1 lit. d BGG), sofern - wie hier - keine der Ausnahmen gemäss Art. 83 ff. BGG vorliegt.
 
 

    
  1.2. Mit der Beschwerde in öffentlich-rechtlichen Angelegenheiten kann namentlich die Verletzung von Bundesrecht mit Einschluss der Bundesverfassung gerügt werden (Art. 95 lit. a BGG). Das Bundesgericht wendet das Recht von Amtes wegen an (Art. 106 Abs. 1 BGG), doch prüft es unter Berücksichtigung der allgemeinen Rüge- und Begründungspflicht (Art. 42 Abs. 2 BGG) grundsätzlich nur die geltend gemachten Beschwerdegründe (BGE 133 II 249 E. 1.4.1). Soweit die Vorinstanz kantonales Recht anzuwenden hatte, kann (abgesehen von den hier nicht interessierenden Art. 95 lit. c-e BGG) nur geltend gemacht werden, der angefochtene Entscheid verstosse gegen Normen des Bundesrechts oder des Völkerrechts (Art. 95 lit. a und b BGG). Im Übrigen kann die Auslegung und Anwendung des kantonalen Rechts lediglich im Lichte der verfassungsmässigen Rechte und Grundsätze, namentlich des Willkürverbots (Art. 9 BV), geprüft werden (BGE 141 V 36 E. 1.3; 138 I 143 E. 2; 137 V 143 E. 1.2; 134 I 153 E. 4.2.2; 134 II 349 E. 3). Die Verletzung von Grundrechten wie auch von kantonalem und interkantonalem Recht prüft das Bundesgericht nur insofern, als eine solche Rüge in der Beschwerde präzise vorgebracht und begründet worden ist; es gilt eine qualifizierte Rügepflicht (Art. 106 Abs. 2 BGG; BGE 138 I 274 E. 1.6; 137 II 305 E. 3.3).
 
 

    
  1.3. Das Bundesgericht legt seinem Urteil den Sachverhalt zugrunde, wie die Vorinstanz ihn festgestellt hat (Art. 105 Abs. 1 BGG). Die Feststellung des Sachverhalts kann nur gerügt resp. vom Bundesgericht von Amtes wegen berichtigt oder ergänzt werden, wenn sie offensichtlich unrichtig ist oder auf einer Rechtsverletzung im Sinne von Art. 95 BGG beruht; diese Rüge setzt zudem voraus, dass die Behebung des Mangels für den Ausgang des Verfahrens entscheidend sein kann (Art. 97 Abs. 1 und Art. 105 Abs. 2 BGG). Offensichtlich unrichtig festgestellt ist ein Sachverhalt, wenn er willkürliche Feststellungen beinhaltet (BGE 137 I 58 E. 4.1.2). Eine entsprechende Rüge ist rechtsgenüglich substanziiert vorzubringen (Art. 42 Abs. 2 und Art. 106 Abs. 2 BGG; BGE 137 I 58 E. 4.1.2; 133 II 249 E. 1.4.3).
 
 

    
  1.4. Nach der Rechtsprechung liegt Willkür vor, wenn der angefochtene Entscheid offensichtlich unhaltbar ist, mit der tatsächlichen Situation in klarem Widerspruch steht, eine Norm oder einen unumstrittenen Rechtsgrundsatz krass verletzt oder in stossender Weise dem Gerechtigkeitsgedanken zuwider läuft. Das Bundesgericht hebt einen Entscheid jedoch nur auf, wenn nicht bloss die Begründung, sondern auch das Ergebnis unhaltbar ist; dass eine andere Lösung ebenfalls als vertretbar oder gar zutreffender erscheint, genügt nicht (BGE 142 V 513 E. 4.2; 139 III 334 E. 4.2.5; 138 I 49 E. 7.1 und 305 E. 4.3; 138 V 74 E. 7; Urteil 8C_656/2020 vom 23. Februar 2021 E. 2.2; je mit Hinweisen).
 
 

    
  2. 
 
 

    
  2.1. Streitig und zu prüfen ist, ob das Kantonsgericht Bundesrecht verletzt hat, indem es eine Rückerstattungspflicht des Beschwerdeführers im verfügten Ausmass bestätigt hat.
 
 

    
  2.2. Der streitbetroffene Bereich der wirtschaftlichen Sozialhilfe fällt mangels verfassungsrechtlicher Bundeskompetenz (jenseits der Kollisionsregel in Art. 115 BV) in die Zuständigkeit der Kantone (BGE 148 V 114 E. 3.1 mit Hinweisen). Insofern hat das Kantonsgericht die im vorliegenden Fall betroffenen Bestimmungen und Grundsätze des massgeblichen kantonalen Rechts zutreffend dargelegt. Dies gilt insbesondere für das Subsidiaritätsprinzip (§ 5 Abs. 1 des Gesetzes des Kantons Basel-Landschaft vom 21. Juni 2001 über die Sozial- und die Jugendhilfe, SHG; SGS 850), die für die Bemessung der Unterstützung zu berücksichtigenden Einkünfte und Vermögen (§ 7 Abs. 1 SHG) und die Grundlagen der Rückerstattungspflicht (§ 12 Abs. 1 und § 13a Abs. 1 SHG). Zutreffend ist auch der Verweis auf die Richtlinien der Schweizerischen Konferenz für Sozialhilfe (SKOS; Version vom 1. Januar 2021), welche für die Bemessung der wirtschaftlichen Hilfe als Orientierungshilfe dienen (vgl. § 6 Abs. 3 SHG), sowie das in zeitlicher Hinsicht anwendbare Recht. Darauf kann verwiesen werden.
 
 

    
  3. 
 
 

    
  3.1. Die Vorinstanz stellte fest, der Beschwerdeführer verfüge per 31. Dezember 2021 über ein Freizügigkeitsguthaben in der Höhe von Fr. 105'551.55 (Kontoauszug vom Januar 2022), welches er der Sozialhilfebehörde nicht gemeldet habe, obwohl er dazu verpflichtet gewesen wäre. Mit diesem Betrag hätte er, unabhängig davon, ob ihm die Freizügigkeitsleistung im Alter von 60 Jahren oder erst mit dem AHV-Vorbezug im Alter von 63 Jahren ausbezahlt worden wäre, zusammen mit seiner Rente aus der ersten Säule kein Einkommen erzielen können, das die für die Berechnung der Ergänzungsleistungen massgebenden minimalen Lebenshaltungskosten längerfristig hätte decken können. Beim heute 64-jährigen Beschwerdeführer sei davon auszugehen, dass er sein Freizügigkeitsguthaben nach einem Vorbezug innert weniger Jahre aufgebraucht haben werde. Bei einem Vorbezug der Freizügigkeitsleistung im Alter von 60 Jahren hätte er bei Erreichen des Rentenalters sogleich Ergänzungsleistungen beantragen müssen. Insofern hätte der Vorbezug nicht zu einer empfindlichen Schmälerung der Alterssicherung geführt. Der Vorbezug hätte sich somit im vorliegenden Fall für den Beschwerdeführer nicht nachteilig ausgewirkt.
 
 

    
  3.2. Sodann erwog das Kantonsgericht unter Verweis auf die SKOS-Richtlinien und das Handbuch Sozialhilferecht der Finanz- und Kirchendirektion, Kantonales Sozialamt (Version 8.0 vom 1. März 2022; nachfolgend: Handbuch), Leistungen und Vermögen der Altersvorsorge gingen grundsätzlich der Sozialhilfe vor. Mit der vorzeitigen Auszahlung von Freizügigkeitsguthaben bestehe an der weiteren Erhaltung des Vorsorgeschutzes gemäss Art. 4 des Bundesgesetzes vom 17. Dezember 1993 über die Freizügigkeit in der beruflichen Alters-, Hinterlassenen- und Invalidenvorsorge (Freizügigkeitsgesetz, FZG; SR 831.42) kein Interesse mehr. Da es eine stossende Ungleichbehandlung bedeuten würde, wenn zwischen bezogenen und nicht bezogenen Freizügigkeitsleistungen unterschieden würde, könne es nicht dem Gutdünken der berechtigten Person überlassen werden, ob sie die Leistungen der beruflichen Vorsorge herausverlangt oder nicht. In Anbetracht des im Sozialhilferecht allgemein geltenden Subsidiaritätsgrundsatzes und vor dem Hintergrund, dass im Falle von Art. 16 Abs. 1 der Verordnung vom 3. Oktober 1994 über die Freizügigkeit in der beruflichen Alters-, Hinterlassenen- und Invalidenvorsorge (FZV; SR 831.425) der Gedanke des Vorsorgeschutzes nicht mehr greife, könne von ihr vielmehr verlangt werden, die Auszahlung des auf dem Freizügigkeitskontos liegenden Vorsorgekapitals zu beantragen. Die Vorinstanz kam deshalb zum Schluss, die Sozialhilfebehörde habe zu Recht die während des möglichen, aber nicht getätigten Bezugs des Freizügigkeitsguthabens bis zur Einstellung der Sozialhilfeunterstützung Ende März 2022 ausbezahlten Leistungen zurückgefordert. Davon zu unterscheiden sei die Frage der Vollstreckbarkeit der Rückerstattungsforderung. Erst wenn der Beschwerdeführer sein Freizügigkeitsguthaben tatsächlich beziehe, werde ein Zugriff darauf möglich sein, wobei der Grundsatz der beschränkten Pfändbarkeit gemäss Art. 93 Abs. 2 des Bundesgesetzes vom 11. April 1889 über Schuldbetreibung und Konkurs (SchKG; SR 281.1) zu beachten sein werde.
 
 

    
  4. 
 
Der Beschwerdeführer macht geltend, dem Subsidiaritätsprinzip komme gegenüber Sozialversicherungsleistungen kein absoluter Vorrang zu. Er rügt dabei eine Verletzung der bundesrechtlichen Normen zum Schutz eines Freizügigkeitsguthabens (Art. 113 Abs. 2 BV; Art. 1 Abs. 1 und Art. 39 BVG; Art. 2-4, Art. 9 Abs. 1, Art. 14, Art. 17 und Art. 20 ff. FZG; Art. 10 ff. FZV; Art. 92 Abs. 1 Ziff. 10 und Art. 93 SchKG). Ein Zwang zum Bezug desselben sei frühestens dann verfassungskonform, wenn gleichzeitig der Bezug einer AHV-Altersrente möglich sei. Der Vorsorgeschutz falle zudem frühestens nach einem tatsächlich erfolgten Bezug des Freizügigkeitsguthabens dahin. Ein solcher sei vorliegend bis heute nicht erfolgt. Anders als bei einem Vorbezug der AHV-Altersrente, deren Folgen (prozentuale Kürzung der Rente) grundsätzlich unmittelbar durch Ergänzungsleistungen kompensiert werden könnten, bestehe bei einem Vorbezug des Freizügigkeitsguthabens im Alter von 60 Jahren noch kein Anspruch auf Ergänzungsleistungen. Der Zwang zum Vorbezug der Freizügigkeitsleistung greife insofern stärker in die Altersvorsorge ein als der Vorbezug der AHV-Altersrente. In seinem Fall wäre das Freizügigkeitsguthaben bis zum Beginn des AHV-Rentenvorbezugs vollständig aufgebraucht, weshalb der Vorbezug im Alter von 60 Jahren unzumutbar und unverhältnismässig gewesen wäre (Verletzung von Art. 5 Abs. 2 BV). Ferner rügt der Beschwerdeführer eine willkürliche Anwendung von § 7 SHG und eine Verletzung des Gleichbehandlungsgebots gemäss Art. 8 BV. 
 

    
  5.
  
 
 

    
  5.1. Unterstützungen werden gemäss § 5 Abs. 1 SHG gewährt, wenn die zumutbare Selbsthilfe oder die gesetzlichen, vertraglichen oder sonstigen Leistungen Dritter nicht ausreichen oder nicht rechtzeitig erhältlich sind. Das Gesetz überträgt dem Regierungsrat in § 6 Abs. 3 SHG die Kompetenz, das Mass der Unterstützungen zu regeln. Dabei kann sich dieser an den SKOS-Richtlinien orientieren. Die unterstützte Person ist nach § 13 Abs. 1 SHG verpflichtet, bezogene Unterstützungen zurückzuerstatten, wenn sich ihre wirtschaftlichen Verhältnisse so weit gebessert haben, dass eine Rückerstattung ganz oder teilweise zumutbar ist. § 13a Abs. 1 SHG sieht sodann vor, dass unrechtmässig bezogene Leistungen zurückzuzahlen sind (samt 5 % Zins). Gemäss § 11 Abs. 2 SHG ist die unterstützte Person verpflichtet, bei der Abklärung des Anspruchs auf Unterstützungsleistungen mitzuwirken und mit den Behörden und Organen zusammenzuarbeiten. Sie ist gehalten, die zur Bemessung der Unterstützung benötigten Auskünfte vollständig und wahrheitsgetreu zu geben (§ 17a Abs. 1 lit. a der Sozialhilfeverordnung des Kantons Basel-Landschaft vom 25. September 2001 [SHV; SGS 850.11]) und alle Ansprüche gemäss § 5 SHG, die ihr möglicherweise zustehen, geltend zu machen und sich so zu verhalten, dass diese nicht verjähren oder verwirken (§ 17a Abs. 1 lit. c SHV). Verletzt die unterstützte Person schuldhaft ihre Pflichten, wird die Unterstützung nach Massgabe der Schuldhaftigkeit, bis maximal zur Nothilfe gemäss Art. 12 BV, herabgesetzt (§ 11 Abs. 3 SHG). Gestützt auf § 11 Abs. 4 SHG hat der Regierungsrat die Einzelheiten der Herabsetzung in § 18 SHV geregelt.
 
 

    
  5.2. Es ist unbestritten, dass der Beschwerdeführer sein Freizügigkeitskonto gegenüber der Sozialhilfebehörde nicht offengelegt hat, obwohl er dazu verpflichtet gewesen wäre (vgl. § 17a Abs. 1 lit. a SHV). Fest steht zudem, dass er das Freizügigkeitsguthaben im Zeitpunkt des angefochtenen Urteils noch nicht bezogen hatte. Insofern steht vorliegend nicht eine Rückerstattung aufgrund verbesserter wirtschaftlicher Verhältnisse im Sinne von § 13 SHG zur Diskussion, sondern eine Rückerstattung aufgrund unrechtmässig bezogener Leistungen gemäss § 13a SHG.
 
 

    
  5.3. Weder die Sozialhilfebehörde noch die Vorinstanz gehen davon aus, dass allein schon wegen der Verletzung der Mitwirkungspflicht ein unrechtmässiger Leistungsbezug vorliegt. Eine solche Sichtweise drängt sich auch nicht auf, wird doch die Verletzung der Pflicht, vollständige und wahrheitsgetreue Auskünfte zu geben, mit einer befristeten Herabsetzung des Grundbedarfs und nicht mit einer vollumfänglichen Einstellung der Leistungen sanktioniert (vgl. § 18 Abs. 1 und 2 SHV).
 
Die Sozialhilfebehörde und die Vorinstanz begründen die Unrechtmässigkeit des Leistungsbezugs vielmehr damit, dass der Beschwerdeführer aufgrund des in § 5 SHG verankerten Subsidiaritätsprinzips gehalten gewesen wäre (vgl. § 17a Abs. 1 lit. c SHV), bei Erreichen des 60. Altersjahres (April 2019) sein Freizügigkeitsguthaben in der Höhe von rund Fr. 105'000.- (Stand 31. Dezember 2021) zu beziehen. Sie gehen davon aus, dass dem Beschwerdeführer ab April 2019 keine Unterstützungsleistungen mehr zugesprochen worden wären, wenn die Sozialhilfebehörde damals um das Freizügigkeitskonto gewusst hätte. Dieser Betrachtungsweise scheint die Überlegung zu Grunde zu liegen, dass der Beschwerdeführer mittels Verfügung dazu verpflichtet worden wäre, sein Freizügigkeitsguthaben zu beziehen. Danach hätte er über den Vermögenswert tatsächlich verfügen können, weshalb er grundsätzlich als vermögend zu betrachten gewesen wäre und es folglich an der zum Bezug von Sozialhilfeleistungen vorausgesetzten Bedürftigkeit gefehlt hätte. Jedenfalls legt der vorinstanzliche Hinweis auf Kapital 10.1.3 des Handbuchs diesen Schluss nahe. Denkbar wäre aber auch, dass der fehlende Leistungsanspruch in der Sanktionierung einer Pflichtverletzung gründet: So ist die bedürftige Person gemäss § 17a Abs. 1 lit. c SHV verpflichtet, alle Ansprüche gemäss § 5 SHG geltend zu machen. Bei (schuldhafter) Verletzung dieser Pflicht wird die Unterstützung (nach vorgängiger Androhung) direkt auf Nothilfe herabgesetzt (vgl. § 18 Abs. 4 i.V.m. § 17a Abs. 1 lit. c SHV; vgl. auch Kapitel 2.2.1 des Handbuchs: ""Macht eine unterstützte Person, die ihr möglicherweise zustehenden der Sozialhilfe vorgehende Ansprüche nicht geltend, können diese nicht als hypothetische Einkünfte berücksichtigt werden. Vielmehr liegt eine Pflichtverletzung vor, die eine Herabsetzung des Grundbedarfs direkt auf Nothilfe zulässt.""). 
Wie es sich damit verhält, muss vorliegend nicht weiter erörtert werden, da so oder anders das Subsidiaritätsprinzip bemüht wird. Die Frage der Unrechtmässigkeit des Leistungsbezugs hängt demnach entscheidend davon ab, ob der Beschwerdeführer zum Vorbezug seines Freizügigkeitsguthabens im frühestmöglichen Zeitpunkt (April 2019) verpflichtet gewesen wäre. Dieser Frage ist im Folgenden nachzugehen. 
 

    
  6. 
 
 

    
  6.1. Die Sozialhilfe wird vom Subsidiaritätsprinzip beherrscht. Dementsprechend sieht der bereits zitierte § 5 Abs. 1 SHG vor, dass Unterstützungen nur gewährt werden, wenn die zumutbare Selbsthilfe oder die gesetzlichen, vertraglichen oder sonstigen Leistungen Dritter nicht ausreichen oder nicht rechtzeitig erhältlich sind. Für die Bemessung der Unterstützung sind Einkünfte einzubeziehen, bewegliches Vermögen zu veräussern und unbewegliches Vermögen zu belehnen oder zu veräussern. Belehnt oder veräussert die bedürftige Person ihr Vermögen nicht im festgelegten Umfang, wird die Unterstützung entsprechend eingeschränkt (§ 7 Abs. 1 und 2 SHG). Das Subsidiaritätsprinzip ist Ausdruck der Pflicht zur Mitverantwortung und Solidarität gegenüber der Gemeinschaft, wie sie in Art. 6 BV verankert ist (BGE 141 I 153 E. 4.2 mit Hinweisen; Urteile 8C_17/2023 vom 5. Oktober 2023 E. 4; 8C_717/2022 vom 7. Juni 2023 E. 10.1.2 mit Hinweisen, zur Publikation vorgesehen; vgl. auch Art. 41 Abs. 1 BV).
 
 

    
  6.2. Gemäss Art. 113 Abs. 1 BV erlässt der Bund Vorschriften über die berufliche Vorsorge (zum Ganzen: BGE 148 V 114 E. 6.2.1). Nach Abs. 2 der nämlichen Bestimmung beachtet er dabei unter anderem den Grundsatz, dass die berufliche Vorsorge zusammen mit der Alters-, Hinterlassenen- und Invalidenversicherung (AHV/IV) die Fortsetzung der gewohnten Lebenshaltung in angemessener Weise ermöglicht (lit. a). Die Bestimmung des Art. 113 BV verleiht dem Bund in Abs. 1 eine konkurrierende, nicht auf den Erlass von Grundsätzen beschränkte, umfassende Gesetzgebungskompetenz für den Bereich der beruflichen Vorsorge. Welche Grundsätze der Bundesgesetzgeber bei der Ausgestaltung der beruflichen Vorsorge zu beachten hat, wird in Abs. 2 festgelegt, der die Tragweite der Gesetzgebungskompetenz nach Abs. 1 verdeutlicht und dem Gesetzgeber gewisse Vorgaben - unter anderem betreffend das Leistungsziel - macht. Diese Verfassungsbestimmung beinhaltet nach der Rechtsprechung einen blossen Auftrag an den Gesetzgeber, so dass daraus kein konkreter, klagbarer Leistungsanspruch auf eine Vorsorgeleistung abgeleitet werden kann (BGE 130 V 369 E. 6.1 mit zahlreichen Hinweisen auf das Schrifttum; vgl. ferner BGE 142 II 369 E. 5.3 sowie BGE 135 V 33 E. 4.2; MARC HÜRZELER/HANS-ULRICH STAUFFER, Basler Kommentar, Berufliche Vorsorge, Basel 2021, N. 13 zu Art. 113 BV). Das in diesem Sinne angestrebte Leistungsziel der Fortsetzung der gewohnten Lebenshaltung in angemessener Weise wird auf Verfassungsstufe betraglich nicht weiter festgelegt, doch existieren in den Materialien Hinweise auf entsprechende Vorstellungen (60 % des letzten Brutto-Erwerbseinkommens). Bei tiefen Einkommen liegt es sehr nahe bei demjenigen der Existenzsicherung (vgl. HÜRZELER/STAUFFER, a.a.O., mit Hinweisen auf die Materialien).
 
 

    
  6.3. Während die erste Säule den Existenzbedarf angemessen zu decken hat (Art. 112 Abs. 2 lit. b BV), zielen die vom Beschwerdeführer angerufenen vorsorgerechtlichen Bestimmungen (vgl. E. 4 hiervor) gemäss vorgegebenem Verfassungsziel (Art. 113 BV) darauf ab, den älteren Menschen, den Hinterbliebenen und Invaliden beim Eintreten eines Versicherungsfalles (Alter, Tod oder Invalidität) zusammen mit den Leistungen der AHV/IV die Fortsetzung der gewohnten Lebenshaltung in angemessener Weise zu erlauben (Art. 1 Abs. 1 BVG) und im Hinblick darauf, den Vorsorgeschutz zu erhalten (Art. 2-4 FZG; zum Ganzen: BGE 148 V 114 E. 7.1). Letzteres schliesst den Zugriff auf Mittel der Berufsvorsorge vor Eintritt des Versicherungsfalles aus resp. lässt diesen nur in gesetzlich eng umschriebenen Fällen zu, namentlich in Form der Barauszahlung gemäss Art. 5 Abs. 1 FZG (lit. a: endgültiges Verlassen der Schweiz; lit. b: Aufnahme einer selbstständigen Erwerbstätigkeit; lit. c: Austrittsleistung geringer als der Jahresbeitrag) sowie des Vorbezugs für Wohneigentum nach Art. 30c BVG. Dies zeigt sich auch vollstreckungsrechtlich, indem Ansprüche auf Vorsorge- und Freizügigkeitsleistungen gegen eine Einrichtung der beruflichen Vorsorge vor Eintritt der Fälligkeit unpfändbar sind (Art. 92 Abs. 1 Ziff. 10 SchKG; vgl. auch Art. 39 BVG sowie Art. 17 FZV). Fällig im Sinne von Art. 92 Abs. 1 Ziff. 10 SchKG wird die Freizügigkeitsleistung, wenn der Betriebene ihre Auszahlung verlangt (BGE 148 III 232 E. 6.3 mit Hinweisen; zum abweichenden Fälligkeitsbegriff gemäss Art. 75 ff. OR im Bereich der Ergänzungsleistungen: vgl. SVR 2007 EL Nr. 3 S. 5, P 56/05 E. 3.2 mit Hinweisen). Soweit sie nicht unpfändbar sind, besteht beschränkte Pfändbarkeit im Rahmen von Art. 93 SchKG, mithin soweit sie für den Schuldner und seine Familie nicht unerlässlich sind (vgl. Abs. 1), längstens für die Dauer eines Jahres (Abs. 2). Ziel dieser Bestimmungen ist der Erhalt des Vorsorgeschutzes, d.h. dass dem Berechtigten sein Freizügigkeitskapital zur Deckung der Lebenshaltungskosten nach Eintritt des Vorsorgefalles Alters effektiv zur Verfügung steht (MICHAEL E. MEIER, Der Vorbezug von Freizügigkeitsguthaben in der Sozialhilfe, in: Jusletter 15. Mai 2023, Rz. 4).
 
 

    
  6.4. Nach Art. 16 Abs. 1 FZV dürfen Altersleistungen von Freizügigkeitspolicen und Freizügigkeitskonten frühestens fünf Jahre vor Erreichen des Rentenalters nach Artikel 13 Absatz 1 des Bundesgesetzes vom 25. Juni 1982 über die berufliche Alters-, Hinterlassenen- und Invalidenvorsorge (BVG) ausbezahlt werden; beim Bezug einer IV-Rente dürfen die Altersleistungen bereits früher ausbezahlt werden (Art. 16 Abs. 2 FZV). Das Rentenalter nach Art. 13 Abs. 1 BVG liegt bei Männern bei Zurücklegung des 65. Altersjahres, d.h. ein Vorbezug nach Art. 16 Abs. 1 FZV ist ab Vollendung des 60. Altersjahres möglich. Mit dem Bezug des Freizügigkeitsguthabens kann die berechtigte Person grundsätzlich frei über die betreffenden Vermögenswerte verfügen (BGE 148 III 232 E. 6.2.2). Dementsprechend hat das Bundesgericht in BGE 148 V 114 entschieden, dass - anderslautende kantonalrechtliche Bestimmungen vorbehalten (vgl. etwa § 20 Abs. 2bis der Sozialhilfe- und Präventionsverordnung [SPV] des Kantons Aargau, in Kraft seit 1. Januar 2023) - gestützt auf Art. 16 Abs. 1 FZV bezogene Freizügigkeitsguthaben zur Rückerstattung wirtschaftlicher Sozialhilfe verwendet werden können (E. 7.3.1). Es wies aber darauf hin, dass dem Vorsorgeschutz mit einer beschränkten Pfändbarkeit im Rahmen von Art. 93 SchKG im Zuge der Vollstreckung Rechnung getragen werde (E. 7.4).
 
 

    
  6.5. Es ist unbestritten, dass der Beschwerdeführer mit Erreichen des 60. Altersjahres mittels seiner Willenserklärung gegenüber der Freizügigkeitsstiftung die Fälligkeit der Freizügigkeitsleistung hätte herbeiführen und deren Auszahlung verlangen können. Mit seinem Vermögen von rund Fr. 105'000.- resp. nach Abzug der Steuern von rund Fr. 100'000.- hätte er die Bedürftigkeit zumindest vorübergehend aus eigenen Mitteln überwinden können. Gemäss dem Subsidiaritätsprinzip (vgl. E. 6.1 hiervor) wäre die Realisierung dieses Vermögenswertes geboten gewesen. Der Beschwerdeführer wendet dagegen ein, dem Subsidiaritätsprinzip komme gegenüber Vorsorgeschutz kein absoluter Vorrang zu. Ein Vorbezug des Freizügigkeitsguthabens könne nicht erzwungen werden, wenn noch kein Anspruch auf Ergänzungsleistungen bestehe und der Vorbezug zur Folge habe, dass er noch vor Erreichen des Alters zum frühestmöglichen AHV-Rentenbezug (Alter 63; vgl. Art. 40 AHVG) erneut fürsorgebedürftig werde. Er rügt in diesem Zusammenhang eine willkürliche Anwendung von § 7 SHG und macht geltend, der Bezug des Freizügigkeitskapitals im Alter von 60 Jahren wäre für ihn unzumutbar und unverhältnismässig gewesen (Verletzung von Art. 5 Abs. 2 BV).
 
 

    
  7. 
 
 

    
  7.1. Die SKOS-Richtlinien äussern sich in Kapitel D.3.3 zum Verhältnis zwischen Subsidiarität und Vorsorgeschutz. Danach geht das Vermögen der Altersvorsorge der Sozialhilfe grundsätzlich vor (Abs. 1). Unterstützte Personen sind grundsätzlich zum frühestmöglichen Vorbezug von AHV-Leistungen verpflichtet (Abs. 2). Vermögen der 2. Säule sind grundsätzlich zusammen mit dem AHV-Vorbezug oder dem Bezug einer ganzen Invalidenrente herauszulösen (Abs. 3). Ausgelöste Guthaben der Altersvorsorge gehören zum anrechenbaren Vermögen und sind für den aktuellen und zukünftigen Lebensunterhalt zu verwenden (Abs. 5). In den Erläuterungen zu diesen Bestimmungen heisst es weiter, in der Sozialhilfe gelte der Grundsatz, dass eine Auflage zum Bezug der Mittel der gebundenen Vorsorge erst zusammen mit jener zum AHV-Vorbezug oder beim Bezug einer ganzen IV-Rente erfolgen solle. So könne der Zielsetzung der 2. und 3. Säule entsprochen werden, wonach die gebundene Vorsorge in Ergänzung zu den Leistungen der AHV/IV zur Sicherung einer gewohnten Lebenshaltung beitragen solle. Deckten AHV- resp. IV-Rente und der anrechenbare Vermögensverzehr aus dem Freizügigkeitsguthaben den Lebensunterhalt nicht, könnten Ergänzungsleistungen beantragt werden.
 
Gemäss SKOS-Richtlinien geht demnach der Vorsorgeschutz grundsätzlich bis zum Vorbezug der AHV-Rente (oder einer ganzen Invalidenrente) dem Subsidiaritätsprinzip vor. Dieser Vorrang wird in einem separaten Merkblatt der SKOS (Altersvorsorge, Umgang mit Freizügigkeitsguthaben in der Sozialhilfe, Bern 2023) bekräftigt. 
 

    
  7.2. Eine differenziertere Haltung kommt im Handbuch Sozialhilferecht des kantonalen Sozialamtes zum Ausdruck. Danach ist im Einzelfall zu prüfen, ob die unterstützte Person zum Vorbezug verpflichtet werden soll (Kapitel 10.1.3). Ein solcher sei dann zumutbar, wenn eine unterstützte Person im Rentenalter ohnehin auf Ergänzungsleistungen angewiesen sei. Würde die unterstützte Person hingegen lediglich aufgrund des Vorbezugs später auf Ergänzungsleistungen angewiesen sein, so sei der Vorbezug unverhältnismässig und auf eine entsprechende Verpflichtung sei zu verzichten. Für den Fall eines zumutbaren Vorbezugs sieht das Handbuch weiter vor, dass die unterstützte Person mittels Verfügung zum Vorbezug zu verpflichten sei, dies unter Androhung der Konsequenzen. Mache die unterstützte Person den Vorbezug nicht geltend, obwohl dies zumutbar und verhältnismässig sei, so gelte sie grundsätzlich als vermögend, zumal sie über diese Vermögenswerte tatsächlich verfügen könnte. Entsprechend fehle es an einer Anspruchsvoraussetzung zum Bezug von Sozialhilfeleistungen (Bedürftigkeit), so dass die Unterstützung einzustellen sei.
 
 

    
  7.3. Die Vorinstanz ist dem Ansatz im Handbuch gefolgt. Sie ist davon ausgegangen, dass der Beschwerdeführer bei einem Vorbezug der Freizügigkeitsleistungen im Alter von 60 Jahren bei Erreichen des Rentenalters resp. bei Vorbezug der AHV-Altersrente (Alter 63) sogleich hätte Ergänzungsleistungen beantragen müssen. Es wäre insofern nicht zu einer empfindlichen Schmälerung der Alterssicherung gekommen. Damit hat sie den Vorbezug fünf Jahre vor Erreichen des ordentlichen Pensionsalters als zumutbar erachtet.
 
 

    
  7.3.1. Der Beschwerdeführer macht geltend, bei einem Verbrauch von ca. Fr. 40'000.- pro Jahr gemäss Berechnungsblatt der Ergänzungsleistungen hätte die nach Abzug der Steuern verbleibende Freizügigkeitsleistung von ca. Fr. 100'000.- ungefähr für zweieinhalb Jahre gereicht. Ein Vorbezug am 1. April 2019 hätte also zur Folge gehabt, dass das ganze Freizügigkeitskapital schon vor dem Beginn der vorbezogenen AHV-Rente am 1. April 2022 aufgebraucht gewesen und eine Neuanmeldung bei der Sozialhilfebehörde notwendig geworden wäre. Der vollständige Verbrauch wäre gar noch früher eingetreten, wenn der eine oder andere der Gläubiger die Bezahlung der bestehenden Schulden geltend gemacht hätte. In diesem Zusammenhang weist der Beschwerdeführer auf die in der EL-Anmeldung geltend gemachten Schulden in der Höhe von Fr. 20'000.- hin. Diese Schulden seien auch aus dem Betreibungsregister ersichtlich. Der Beschwerdeführer rügt diesbezüglich sinngemäss einen unvollständig festgestellten Sachverhalt der Vorinstanz.
 
 

    
  7.3.2. Zwar erscheint die Pflicht zum Bezug des Freizügigkeitsguthabens mit 60 Jahren vor dem Hintergrund des Subsidiaritätsgrundsatzes, der sowohl ein tragender Gedanke des kantonal beherrschten Sozialhilferechts als auch ein Grundprinzip der Bundesverfassung (vgl. Art. 6 BV) bildet, nicht kategorisch ausgeschlossen (vgl. auch MEIER, a.a.O., Rz. 59 und 61). Es liegt aber auf der Hand, dass es mit dem vorsorgerechtlichen Zweck unvereinbar wäre, wenn das dem Vorsorgefall Alter dienende Freizügigkeitsguthaben im Zeitpunkt des AHV-Rentenbezugs bereits vollständig aufgebraucht wäre. Eine Verpflichtung zum Vorbezug des Freizügigkeitskapitals kann daher trotz des ab Alter 60 bestehenden Verfügungsrechts nicht unbesehen bejaht werden. Im Rahmen einer mit Blick auf die Bedeutung des Vorsorgeschutzes gebotenen Verhältnismässigkeits- bzw. Zumutbarkeitsprüfung muss eine solche Verpflichtung zumindest dann als unverhältnismässig betrachtet werden, wenn trotz des Vorbezugs ein neuerlicher Rückfall in die Sozialhilfe vor dem Zeitpunkt des AHV-Vorbezugs (mit 63 Jahren) droht.
 
 

    
  7.3.3. Gemäss Berechnungsblatt der Ergänzungsleistungen (gültig ab April 2022) beliefen sich die anerkannten Ausgaben auf Fr. 39'179.- im Jahr. Darin eingeschlossen sind der Lebensbedarf, die Wohnkosten, die Sozialversicherungsbeiträge und der Betrag für die obligatorische Krankenversicherung. Der Beschwerdeführer geht von einem jährlichen Bedarf in dieser Höhe aus (ca. Fr. 40'000.-) und stellt diesen seinem Freizügigkeitsguthaben von rund Fr. 100'000.- gegenüber. Es fragt sich aber, ob nicht eher auf den Bedarf gemäss den bezogenen Sozialhilfeunterstützungen abzustellen wäre. Gemäss Verfügung der Sozialhilfebehörde vom 17. März 2022 beträgt die Rückforderung Fr. 77'671.80. Diese betrifft die von April 2019 bis März 2022 ausgerichteten Leistungen. Bei Verwendung eines entsprechenden Bedarfs hätte dem Beschwerdeführer bei Erreichen des 63. Altersjahres noch ein Betrag von ca. Fr. 22'000.- zur Verfügung gestanden. Als Richtschnur soll jedoch im gegebenen Sachzusammenhang nicht die sozialhilferechtliche Bedarfslage dienen, sondern diejenige nach Massgabe des ELG (SR 831.30; vgl. zum Zweck: BGE 130 V 185 E. 4.3.3 mit Hinweisen). Denn wenn der Beschwerdeführer bei einem Bezug des Freizügigkeitskapitals im Alter von 60 Jahren von der Sozialhilfe losgelöst worden wäre, wäre er gerade nicht mehr auf das sozialhilferechtliche Existenzminimum fixiert gewesen, und er hätte seine Mittel frei verwenden können. Dabei würden diese jedenfalls von einem verantwortungsvollen Bezüger entsprechend dem vom Verfassungs- und Gesetzgeber vorgegebenen Ziel der beruflichen Vorsorge verwendet (vgl. E. 6.2 und 6.3), nämlich zwecks Fortsetzung der gewohnten Lebenshaltung in angemessener Weise. Diesem Ziel kommt eine Lebenshaltung, die sich am Bedarf gemäss ELG orientiert, allemal näher als eine, die sich mit dem sozialhilferechtlichen Bedarf zu bescheiden hätte.
 
Bei jährlichen Ausgaben in der Höhe von ca. Fr. 40'000.- hätte das vorhandene Freizügigkeitsguthaben in der Höhe von rund Fr. 100'000.- (nach Steuern) nicht bis zum Vorbezug der AHV-Rente gereicht, wie der Beschwerdeführer zutreffend vorbringt. Soweit die Vorinstanz in diesem Zusammenhang ohne nähere Prüfung von Gegenteiligem auszugehen scheint, hat sie den Sachverhalt offensichtlich unvollständig und damit in willkürlicher Weise festgestellt. Mit der Auslösung des besagten Guthabens wäre nicht nur eine dem Vorsorgezweck zuwiderlaufende (vgl. E. 7.3.2 oben) empfindliche Schmälerung der Alterssicherung des Beschwerdeführers einher gegangen, sondern es hätte auch ein erneuter Rückfall in die Sozialhilfe gedroht, worauf der Beschwerdeführer zu Recht verweist. Bei diesen Gegebenheiten fällt ein Bezug des Freizügigkeitskapitals mit 60 Jahren als unzumutbar ausser Betracht, wie der Beschwerdeführer zu Recht geltend macht. Soweit die Vorinstanz in dieser Hinsicht ohne nähere Prüfung der Verhältnismässigkeit zu einem anderen Ergebnis gelangt ist, verfällt sie in Willkür. Dabei kann offenbleiben, inwieweit auch noch die vom Beschwerdeführer geltend gemachten Schulden in der Höhe von Fr. 20'000.- gemäss Angaben im EL-Antragsformular bei der Frage der Zumutbarkeit des Vorbezugs zu berücksichtigen wären. 
 

    
  7.3.4. An diesem Ergebnis vermag der Umstand nichts zu ändern, dass der Beschwerdeführer ab dem Zeitpunkt des Vorbezugs der AHV-Rente so oder anders Ergänzungsleistungen beantragen musste. Anders als beim Vorbezug der AHV-Altersrente, deren prozentuale Kürzung grundsätzlich unmittelbar durch Ergänzungsleistungen kompensiert werden kann (vgl. dazu RtiD 2020 II 121, 8C_344/2019 E. 6.4; Urteil 2P.298/2006 vom 20. März 2007 E. 2.2), erfolgt beim Vorbezug des Freizügigkeitsguthabens lediglich insofern ein Ausgleich, als sich aufgrund des teilweisen Verbrauchs des Vorsorgeguthabens der als Einnahme anrechenbare Vermögensverzehr verringert (vgl. Art. 11 Abs. 1 lit. c ELG), was sich in etwas höheren Ergänzungsleistungen niederschlägt. Ein Vorbezug zum frühestmöglichen Zeitpunkt hätte für den Beschwerdeführer hingegen bewirkt, dass er seinen gesamten Lebensunterhalt zu 100 % aus eigenen Mitteln hätte bestreiten müssen. Demgegenüber wäre ihm bei einem gleichzeitigen Bezug zusammen mit der AHV-Altersrente und den Ergänzungsleistungen lediglich ein Zehntel seines Vermögens als Vermögensverzehr angerechnet worden, soweit es den für alleinstehende Personen geltenden Vermögensfreibetrag von Fr. 37'500.- bzw. 30'000.- überstiegen hätte (vgl. Art. 11 Abs. 1 lit. c ELG; je in den vor und seit 1. Januar 2021 geltenden Fassungen). Er hätte diesfalls somit ""für eine deutlich längere Zeitdauer in einem Mischverhältnis von AHV-Rente, Ergänzungsleistungen und Vermögensverzehr leben und damit die persönliche Unabhängigkeit und Verantwortung länger wahren"" können (vgl. MEIER, a.a.O., Rz. 61). Mithin liegt - entgegen der Auffassung der Vorinstanz - auf der Hand, dass der Vorbezug der Freizügigkeitsleistungen im Alter von 60 Jahren für den Beschwerdeführer (finanzielle) Nachteile zur Folge gehabt hätte. Diese würden auch nicht dadurch aufgewogen, dass der Beschwerdeführer durch das Auflösen des Freizügigkeitskontos im Alter von 60 Jahren mehr als zwei Jahre ""gewonnen"" hätte, in denen er nicht mehr von der Sozialhilfe abhängig gewesen wäre, auch wenn dies eine deutlich spürbare Verbesserung des Lebensstandards bedeuten mag (vgl. MEIER, a.a.O., Rz. 55 und 59).
 
Dass alleinstehende Personen erst bei einem Reinvermögen von unter Fr. 100'000.- Anspruch auf Ergänzungsleistungen haben können (vgl. Art. 9a Abs. 1 lit. a ELG; in Kraft seit 1. Januar 2021), ist vorliegend im Übrigen von untergeordneter Bedeutung, liegt doch das Freizügigkeitsguthaben des Beschwerdeführers - vor Abzug der bei einem Bezug anfallenden Steuern und unter Ausserachtlassung allfälliger Schulden - nur knapp über dieser Schwelle. Insoweit dürfte die Anspruchsberechtigung zumindest zeitnah nach einem Bezug der Freizügigkeitsleistung gegeben sein. Wie es sich verhalten würde, wenn das Freizügigkeitsguthaben weit mehr als Fr. 100'000.- betragen würde mit der Folge, dass das Guthaben bis unter diese Vermögensschwelle aufgebraucht werden müsste, damit ein Anspruch auf Ergänzungsleistungen entstehen könnte, braucht vorliegend nicht entschieden zu werden. Diesfalls würde sich aber die Frage stellen, weshalb es nicht zumutbar sein sollte, das Freizügigkeitsguthaben zum frühestmöglichen Zeitpunkt zu beziehen, wenn es drei Jahre später ohnehin bis unter Fr. 100'000.- aufgebraucht werden müsste, bevor ein Anspruch auf Ergänzungsleistungen entstehen könnte (vgl. MEIER, a.a.O., Rz. 52). 
 

    
  7.3.5. Der hier zu beurteilende Fall ist sodann nicht vergleichbar mit demjenigen gemäss Urteil des Bundesgerichts 2P.53/2004 vom 13. Mai 2004. Der dortige Beschwerdeführer bezog eine Invalidenrente und Ergänzungsleistungen. Die Vorinstanz erachtete es als zumutbar, dass der Beschwerdeführer den Fehlbetrag von Fr. 336.- pro Monat mit seinem Freizügigkeitsguthaben bestreitet. Er musste sein Vermögen nur in geringem Umfang anzehren. Dieser Entscheid hielt im Rahmen des staatsrechtlichen Beschwerdeverfahrens der bundesgerichtlichen Willkürprüfung stand. Vorliegend geht es demgegenüber um eine Konstellation, in der noch kein Anspruch auf eine Rente der AHV oder IV und aus diesem Grund auch kein EL-Anspruch bestand und der gesamte Lebensunterhalt mit dem Vorsorgeguthaben hätte bestritten werden müssen. Dies hätte zur Folge gehabt, dass das Vorsorgeguthaben im Zeitpunkt des Vorbezugs der Altersrente der AHV bereits vollständig aufgebraucht gewesen wäre.
 
 

    
  7.3.6. Der Vollständigkeit halber sei erwähnt, dass das Ergebnis der vorangegangenen konkreten Einzelfallprüfung nicht nur im Einklang mit den SKOS-Richtlinien steht, auf die § 6 Abs. 3 SHG - wenn auch nur im Sinne einer Orientierungshilfe (vgl. E. 5.1 hiervor) - verweist und die immerhin Ausdruck eines vergleichsweise breit abgestützten Konsenses sind (vgl. auch Urteil 2P.298/2006 vom 20. März 2007 E. 2.2, wonach die SKOS-Richtlinien als Massstab des im schweizerischen Fürsorgewesen Üblichen herangezogen werden können, auch wenn das kantonale Sozialhilfegesetz nicht direkt darauf verweist). Auch in der Botschaft des Bundesrates vom 30. Oktober 2019 zum Bundesgesetz über Überbrückungsleistungen für ältere Arbeitslose (ÜLG; SR 837.2) wurde in damit zu vereinbarender Weise der Standpunkt vertreten, dass die Freizügigkeitsguthaben der 2. Säule nur ergänzend zu einer (vorbezogenen) AHV-Altersrente aufgelöst werden sollten, damit der Vorsorgezweck erhalten bleibe (BBl 2019 8271; vgl. im Übrigen auch GUIDO WIZENT, Sozialhilferecht, 2020, S. 235 f. Rz. 630).
 
 

    
  7.3.7. Wohl trifft zu, dass der Beschwerdeführer durch seine Weigerung, sein Freizügigkeitsguthaben mit 60 Jahren zu beziehen, besser fährt als eine Person in vergleichbarer Ausgangslage, die von der Möglichkeit des Vorbezugs Gebrauch gemacht hat und das Guthaben für den aktuellen und zukünftigen Lebensunterhalt verwenden muss. Diese Ungleichbehandlung ist sachlich aber insofern gerechtfertigt, als sich die betreffende Person aus freien Stücken, etwa um von der Sozialhilfe wegzukommen und um den Lebensstandard zu verbessern, bewusst für einen Vorbezug entschieden hat. Ab dem Zeitpunkt, in dem die betroffene Person ihre Freizügigkeitsleistung tatsächlich bezogen hat, ist der Vorsorgeschutz nicht mehr verletzt. Dieser wird durch die Willenserklärung der betroffenen Person zur Frühpensionierung gerade aufgehoben, und zwar mit dem Ziel, Zugriff auf die Freizügigkeitsleistung zu bekommen, um davon den Lebensunterhalt ab der Frühpensionierung zu finanzieren (MEIER, a.a.O., Rz. 47). Die Ungleichbehandlung von effektiven Bezügern von Freizügigkeitsleistungen und Personen, die sich für die Erhaltung des Vorsorgeschutzes bis zum Vorbezug der AHV-Rente entscheiden oder die unter Androhung einer sanktionsweisen Einstellung der Sozialhilfe gezwungen werden, ihre Freizügigkeitsleistung zu beziehen, erscheint daher jedenfalls nicht geradezu stossend. Soweit im Urteil 2P.53/2004 vom 13. Mai 2004 E. 4.3 eine solche Ungleichbehandlung kritisiert wird, ist daran zu erinnern, dass die Ausgangslage in jenem Fall eine andere war (vgl. E. 7.3.5 hiervor).
 
 

    
  7.4. Zusammenfassend hätte die Sozialhilfebehörde, wenn sie denn vom Bestand des Freizügigkeitsguthabens des Beschwerdeführers Kenntnis gehabt hätte, diesen nicht zum Bezug im Alter von 60 Jahren verhalten können. Aufgrund des anzunehmenden vollständigen Verbrauchs des Freizügigkeitsguthabens und der damit einhergehenden drohenden Gefahr einer erneuten Sozialhilfeabhängigkeit vor Erreichen des 63. Altersjahres wäre ein Vorbezug ab April 2019 im vorliegenden Fall nicht zumutbar gewesen. Mithin wiegt der Vorsorgeschutz in der vorliegenden Konstellation schwerer als das Subsidiaritätsprinzip. Daraus folgt, dass der Beschwerdeführer die von 1. April 2019 bis 31. März 2022 erhaltenen Sozialhilfeleistungen rechtmässig bezogen hat, weshalb kein Raum für eine Rückforderung gestützt auf Art. 13a SHG bleibt. Indem das kantonale Gericht zum Schluss gelangt ist, der Beschwerdeführer hätte sein Freizügigkeitskapital bereits mit 60 Jahren beziehen müssen und es die Rückerstattungspflicht im Umfang von Fr. 77'671.80 bestätigte, hat es § 7 Abs. 1 und 2 SHG sowie § 13a Abs. 1 SHG willkürlich angewendet und bei der Abwägung zwischen Subsidiaritätsprinzip (E. 7.3.2) und dem bundesrechtlichem Vorsorgeschutz (E. 6.2 f.) den Verhältnismässigkeitsgrundsatz (vgl. Art. 5 Abs. 2 BV) willkürlich übergangen. Die Rügen des Beschwerdeführers sind begründet.
 
 

    
  8. 
 
Wie es sich mit einer allfälligen Rückforderung gestützt auf Art. 13 SHG (Rückerstattung aufgrund wirtschaftlicher Verhältnisse) verhält, wenn der Beschwerdeführer zu gegebener Zeit sein Freizügigkeitsguthaben beziehen wird, braucht vorliegend nicht beurteilt zu werden. Es sei aber daran erinnert, dass der Grundsatz der beschränkten Pfändbarkeit (Art. 93 Abs. 2 SchKG; vgl. BGE 148 V 114) zu beachten sein wird, worauf bereits das kantonale Gericht hingewiesen hat (vgl. auch S. 4 des Merkblatts der SKOS betreffend den Umgang mit Freizügigkeitsguthaben in der Sozialhilfe, worin die Chancen, dass überhaupt ein Betrag gepfändet werden kann, als sehr klein bezeichnet und eine Rückforderung deshalb als nicht sinnvoll erachtet wird). 
 

    
  9. 
 
Die Gerichtskosten werden der unterliegenden Beschwerdegegnerin auferlegt (Art. 66 Abs. 1 BGG). Diese hat dem Beschwerdeführer eine Parteientschädigung auszurichten (Art. 68 Abs. 2 BGG). Das Gesuch um unentgeltliche Rechtspflege ist damit gegenstandslos. Zur Neuverlegung der Kosten und der Parteientschädigung des kantonalen Verfahrens ist die Sache an die Vorinstanz zurückzuweisen (Art. 67 und Art. 68 Abs. 5 BGG). 
 
 

    
  Demnach erkennt das Bundesgericht:
  
 
 

    
  1. 
 
Die Beschwerde wird gutgeheissen. Das Urteil des Kantonsgerichts Basel-Landschaft, Abteilung Verfassungs- und Verwaltungsrecht, vom 8. Februar 2023 wird aufgehoben. 
 

    
  2. 
 
Die Gerichtskosten von Fr. 4'500.- werden der Beschwerdegegnerin auferlegt. 
 

    
  3. 
 
Die Beschwerdegegnerin hat den Rechtsvertreter des Beschwerdeführers für das bundesgerichtliche Verfahren mit Fr. 2'800.- zu entschädigen. 
 

    
  4. 
 
Die Sache wird zur Neuverlegung der Kosten und der Parteientschädigung des vorangegangenen Verfahrens an das Kantonsgericht Basel-Landschaft, Abteilung Verfassungs- und Verwaltungsrecht zurückgewiesen. 
 

    
  5. 
 
Dieses Urteil wird den Parteien, dem Kantonsgericht Basel-Landschaft, Abteilung Verfassungs- und Verwaltungsrecht, und dem Regierungsrat des Kantons Basel-Landschaft schriftlich mitgeteilt. 
 
 
Luzern, 1. Februar 2024 
 
Im Namen der IV. öffentlich-rechtlichen Abteilung 
des Schweizerischen Bundesgerichts 
 
Der Präsident:    Wirthlin 
 
Der Gerichtsschreiber:    Wüest 

   ";"The text is a judgment of the Swiss Federal Supreme Court (Bundesgericht) regarding a social welfare case. The court ruled that:

1. The beneficiary's decision to receive early pension benefits did not violate the principle of supplementary protection, which aims to ensure that individuals do not prematurely deplete their retirement savings.
2. The social welfare authority was wrong to assume that the beneficiary could have received his full retirement savings at age 60, when in reality he would have exhausted them by then.
3. As a result, the beneficiary's decision to receive early pension benefits from April 2019 to March 2022 did not violate any regulations or principles.
4. The court rejected the social welfare authority's claim that the beneficiary should have received his full retirement savings at age 60 and instead ordered that the authority pay back Fr. 77,671.80.
5. The court also ruled that if the beneficiary were to receive his full retirement savings in the future, any potential demand for repayment based on Article 13 of the Social Insurance Act would need to be re-examined.

The court's judgment was as follows:

* The appeal is granted and the cantonal court's decision is overturned.
* The costs of Fr. 4,500 will be borne by the social welfare authority.
* The social welfare authority will also pay Fr. 2,800 in compensation to the beneficiary's lawyer for their work on this case.
* The case is referred back to the cantonal court to re-determine the costs and fees of the previous proceedings.
* The decision will be communicated in writing to the parties involved, the Cantonal Court of Basel-Landschaft, the Department of Constitutional and Administrative Law, and the Government Council of the Canton of Basel-Landschaft."
TRUE;2024-03-05;2C_198/2023;Droit de cité et droit des étrangers*;valid page;https://www.bger.ch/ext/eurospider/live/fr/php/aza/http/index.php?highlight_docid=aza://07-02-2024-2C_198-2023&lang=fr&zoom=&type=show_document;"
      
 
Bundesgericht 
Tribunal fédéral 
Tribunale federale 
Tribunal federal 
 
               
  
  
 
 
 

    
  2C_198/2023
  
 
 
 

    
  Arrêt du 7 février 2024
  
 
 

    
  IIe Cour de droit public
  
 
 
Composition 
Mmes et MM. les Juges fédéraux 
Aubry Girardin, Présidente, Donzallaz, 
Hänni, Hartmann et Ryter. 
Greffier : M. de Chambrier. 
 
Participants à la procédure 
1. A.________, 
2. B.________, 
tous les deux agissant par leur mère C.________, 
représentés par Me Marion Pourchet, avocate, 
recourants, 
 

    
  contre
  
 
 
Service de la population et des migrants du canton de Fribourg, 
Les Portes-de-Fribourg, route d'Englisberg 11, 1763 Granges-Paccot, 
intimé. 
 
Objet 
Autorisation de séjour, 
 
recours contre l'arrêt du Tribunal cantonal de l'Etat 
de Fribourg, Ie Cour administrative, du 1er mars 2023 (601 2022 104 601 2022 105). 
 
 

    
  Faits :
  
 
 

    
  A. 
 
D.________ et son épouse C.________, tous deux ressortissants syriens, sont arrivés en Suisse le 1er février 2014 avec leurs enfants, A.________, née en 2013 et B.________, né en 2012, munis d'un visa humanitaire. Le couple et leurs deux enfants ont été mis au bénéfice d'une admission provisoire, par décision du Secrétariat d'Etat aux migrations du 18 mars 2014. 
Les époux ont divorcé le 2 juillet 2018. La garde des enfants a été confiée à leur mère. Les parents disposent de l'autorité parentale conjointe sur ceux-ci. 
Par décision du 19 juillet 2019, D.________ a obtenu une autorisation de séjour pour cas de rigueur. 
 

    
  B. 
 
Le 9 juillet 2021, C.________ a déposé une demande d'autorisation de séjour pour ses enfants, A.________ et B.________, en invoquant le regroupement familial avec leur père et leur bonne intégration. 
Par décision du 7 juillet 2022, le Service de la population et des migrants du canton de Fribourg (ci-après: le Service cantonal) a rejeté cette demande. 
Par arrêt du 1er mars 2023, la 1ère Cour administrative du Tribunal cantonal du canton de Fribourg (ci-après: le Tribunal cantonal) a rejeté le recours formé par les intéressés contre la décision précitée du 7 juillet 2022. Elle a également rejeté la requête d'assistance judiciaire complète déposée par les intéressés, faute de chance de succès, tout en renonçant à percevoir des frais de procédure. 
 

    
  C. 
 
Agissant par la voie du recours en matière de droit public et du recours constitutionnel subsidiaire, A.________ et B.________ demandent au Tribunal fédéral, à titre principal, l'annulation de l'arrêt du 1er mars 2023, et l'octroi d'une autorisation de séjour. Subsidiairement, ils concluent à l'annulation de l'arrêt attaqué et au renvoi de la cause à l'autorité précédente pour nouvelle décision dans le sens des considérants. Les recourants requièrent également l'assistance judiciaire complète. 
Sur demande du Tribunal fédéral, les recourants ont complété leur requête d'assistance judiciaire. 
Le Service cantonal conclut au rejet de ladite requête, faute de chances de succès et se réfère, pour ce qui concerne le fond, aux considérants de l'arrêt attaqué. Le Tribunal cantonal renvoie également aux considérants de son arrêt et conclut au rejet du recours. Les recourants formulent spontanément des déterminations complémentaires. Le Secrétariat d'Etat aux migrations ne s'est pas prononcé. 
 
 

    
  Considérant en droit :
  
 
 

    
  1. 
 
Le Tribunal fédéral examine d'office sa compétence (art. 29 al. 1 LTF) et contrôle librement la recevabilité des recours qui lui sont soumis (ATF 147 I 268 consid. 1). 
 

    
  1.1.
  
 
 

    
  1.1.1. L'art. 83 let. c ch. 2 LTF prévoit que le recours en matière de droit public est irrecevable contre les décisions en matière de droit des étrangers qui concernent une autorisation à laquelle ni le droit fédéral ni le droit international ne donnent droit. Cela signifie a contrario que cette voie de recours est ouverte lorsque la partie recourante peut se prévaloir d'un droit à l'obtention de l'autorisation sollicitée. Selon la jurisprudence, il suffit à cet égard qu'il existe un droit potentiel à l'autorisation, étayé par une motivation soutenable, pour que l'art. 83 let. c ch. 2 LTF ne s'applique pas et, partant, qu'un recours en matière de droit public soit envisageable (ATF 147 I 89 consid. 1.1.1; 139 I 330 consid. 1.1).
 
 

    
  1.1.2. En l'occurrence, les recourants résident en Suisse depuis près de dix ans au bénéfice d'une admission provisoire et il ne ressort pas de l'arrêt attaqué qu'ils pourraient être amenés à devoir quitter la Suisse dans un avenir prévisible. Dans ces circonstances, ils font valoir de manière défendable qu'ils pourraient se prévaloir d'un droit à une autorisation de séjour fondé sur le respect de la vie privée garanti par l'art. 8 par. 1 CEDH (cf. ATF 147 I 268 consid. 1.2). La question de savoir si les conditions à l'octroi d'une autorisation de séjour sont effectivement remplies relèvent du fond (ATF 147 I 268 consid. 1.2.7 et les références).
 
 

    
  1.1.3. En revanche, les recourants ne peuvent pas se prévaloir de l'art. 8 par. 1 CEDH sous l'angle de la protection de la vie familiale. En effet, les deux parents conservent leur droit de résider en Suisse et l'arrêt attaqué, qui ne met pas fin au séjour des recourants dans ce pays, ne conduit donc pas à la séparation de la famille.
 
Par ailleurs, sous l'angle de la recevabilité, les recourants n'invoquent à juste titre ni l'art. 30 al. 1 let. b de la loi fédérale du 16 décembre 2005 sur les étrangers et l'intégration [LEI; RS 142.20]), qui porte sur l'autorisation pour cas de rigueur, ni l'art. 44 LEI, qui concerne le regroupement familial en lien avec une personne titulaire d'une autorisation de séjour, ni l'art. 84 al. 5 LEI, qui prévoit la possibilité pour une personne admise provisoirement de déposer une demande d'autorisation de séjour, puisque ces dispositions ne confèrent pas un droit à une autorisation de séjour (cf. art. 83 let. c ch. 2 et 5 LTF; arrêts 2C_775/2022 du 26 janvier 2023 consid. 3.1; 2C_671/2021 du 15 février 2022 consid. 2, tous deux avec les références; 2C_370/2022 du 28 juillet 2022 consid. 1.2; 2C_689/2017 du 1er février 2018 consid. 1.2.1). Concernant l'art. 84 al. 5 LEI, il ressort d'ailleurs des travaux préparatoires que le législateur avait sciemment renoncé à prévoir un droit à une autorisation de séjour après une certaine durée passée en Suisse au titre d'une admission provisoire (cf. BO 2004 CN p. 1126 ss et 1246; BO 2005 CE p. 314 s. et 976; RUEDI ILLES, in Bundesgesetz über Ausländerinnen und Ausländer [AUG], 2010, n° 1 ad art. 84 LEI). 
Les recourants ne peuvent pas non plus se prévaloir de ces dispositions dans le cadre d'un recours constitutionnel subsidiaire, y compris en invoquant l'arbitraire, puisque celles-ci ne confèrent pas de droit à l'octroi d'une autorisation de séjour et que la qualité pour former pareil recours suppose un intérêt juridique à l'annulation ou à la modification de la décision attaquée (art. 115 let. b LTF; cf. ATF 145 I 239 consid. 5.3.3; 133 I 185 consid.6.1 et 6.3; arrêt 2C_186/2021 du 25 février 2021 consid. 4). 
 

    
  1.1.4. La voie du recours en matière de droit public est ainsi ouverte, ce qui a pour conséquence que le recours constitutionnel subsidiaire, également déposé par les recourants, est irrecevable (art. 113 LTF a contrario).
 
 

    
  1.2. Les recourants, qui ont manifestement qualité pour recourir dans la mesure où ils jouissent d'un intérêt digne de protection à la modification de l'arrêt attaqué (cf. art. 89 al. 1 LTF), ont pour le reste déposé leur recours en matière de droit public en temps utile (art. 100 al. 1 LTF) et dans les formes prescrites (art. 42 LTF), à l'encontre d'une décision finale (art. 90 LTF) rendue par une autorité cantonale supérieure de dernière instance (art. 86 al. 1 let. d et al. 2 LTF) de sorte qu'il convient d'entrer en matière.
 
 

    
  2.
  
 
 

    
  2.1. Saisi d'un recours en matière de droit public, le Tribunal fédéral examine librement la violation du droit fédéral et international (art. 95 let. a et b et art. 106 al. 1 LTF). Toutefois, les griefs de violation des droits fondamentaux sont soumis à des exigences de motivation accrues (cf. art. 42 al. 2 et 106 al. 2 LTF). Dans ce cas, l'acte de recours doit contenir un exposé succinct des droits fondamentaux violés et préciser en quoi consiste la violation (cf. ATF 145 I 121 consid. 2.1).
 
Le Tribunal fédéral n'est pas lié par les motifs de l'autorité précédente ni par les moyens des parties. Il peut donc admettre le recours pour d'autres motifs que ceux invoqués par le recourant, comme il peut le rejeter en opérant une substitution de motifs (ATF 146 IV 88 consid. 1.3.2; 141 V 234 consid. 1; 139 II 404 consid. 3). 
 

    
  2.2. Le Tribunal fédéral conduit son raisonnement juridique sur la base des faits constatés par l'autorité précédente (art. 105 al. 1 LTF), sous réserve des cas prévus à l'art. 105 al. 2 LTF. Selon l'art. 97 al. 1 LTF, le recours ne peut critiquer les constatations de fait que si les faits ont été établis de façon manifestement inexacte - notion qui correspond à celle d'arbitraire - ou en violation du droit au sens de l'art. 95 LTF et si la correction du vice est susceptible d'influer sur le sort de la cause (ATF 142 II 355 consid. 6; 139 II 373 consid. 1.6). Conformément à l'art. 106 al. 2 LTF, la partie recourante doit expliquer de manière circonstanciée en quoi ces conditions seraient réalisées. A défaut, il n'est pas possible de tenir compte d'un état de fait qui diverge de celui qui est contenu dans l'acte attaqué (cf. arrêt 2C_300/2019 du 31 janvier 2020 consid. 2.2, non publié in ATF 146 II 309). Aucun fait nouveau ni preuve nouvelle ne peut être présenté à moins de résulter de la décision de l'autorité précédente (art. 99 al. 1 LTF).
 
En l'espèce, les recourants ne dénoncent pas d'arbitraire dans l'établissement des faits. Le Tribunal fédéral se prononcera donc sur la base des faits tels qu'ils ressortent de l'arrêt attaqué, sous réserve de l'art. 105 al. 2 LTF. 
 
 

    
  3. 
 
L'objet du litige porte sur l'octroi d'une autorisation de séjour aux recourants, en lieu et place de leur admission provisoire. Il ne concerne ni une mesure mettant fin à leur séjour en Suisse, ni le statut de leur mère, également au bénéfice d'une admission provisoire. 
 

    
  4. 
 
Soulevant un grief de nature formelle qu'il convient d'examiner en premier lieu (cf. notamment ATF 141 V 557 consid. 3), les recourants se plaignent d'une violation de leur droit d'être entendus en invoquant les art. 29 al. 2 Cst. (RS 101) et 12 de la Convention du 20 novembre 1989 relative aux droits de l'enfant (CDE; RS 0.107). 
 

    
  4.1. La jurisprudence a déduit du droit d'être entendu de l'art. 29 al. 2 Cst. l'obligation pour l'autorité de motiver sa décision, afin que l'intéressé puisse se rendre compte de la portée de celle-ci et l'attaquer en connaissance de cause (ATF 146 II 335 consid. 5.1; 143 III 65 consid. 5.2; 142 I 135 consid. 2.1). Pour satisfaire à cette exigence, il suffit que l'autorité mentionne au moins brièvement les motifs qui l'ont guidée et sur lesquels elle a fondé sa décision. Elle n'a pas l'obligation d'exposer et de discuter tous les faits, moyens de preuve et griefs invoqués par les parties, mais peut au contraire se limiter à ceux qui, sans arbitraire, peuvent être tenus pour pertinents (ATF 146 II 335 consid. 5.1; 142 II 154 consid. 4.2; 138 I 232 consid. 5.1 et les références). Dès lors que l'on peut discerner les motifs qui ont guidé la décision de l'autorité, le droit à une décision motivée est respecté même si la motivation présentée est erronée. La motivation peut d'ailleurs être implicite et résulter des différents considérants de la décision (ATF 141 V 557 consid. 3.2.1 et les références).
 
Selon l'art. 12 al. 1 CDE, les Etats parties garantissent à l'enfant qui est capable de discernement le droit d'exprimer librement son opinion sur toute question l'intéressant, les opinions de l'enfant étant dûment prises en considération eu égard à son âge et à son degré de maturité. L'art. 12 al. 2 CDE prévoit que, à cette fin, on donnera notamment à l'enfant la possibilité d'être entendu dans toute procédure judiciaire ou administrative l'intéressant, soit directement, soit par l'intermédiaire d'un représentant ou d'un organisme approprié, de façon compatible avec les règles de procédure de la législation nationale. (ATF 147 I 149 consid. 3.2; 144 II 1 consid. 6.5; 136 II 78 consid. 4.8). Comme il ressort du libellé de l'art. 12 al. 2 CDE, une audition personnelle n'est donc pas indispensable dans tous les cas; si les enfants sont représentés par leurs parents et que leurs intérêts respectifs coïncident, l'avis des enfants peut être présenté sans audition personnelle par leurs parents, dans la mesure où les faits pertinents peuvent être établis à suffisance de droit même sans cette audition (ATF 147 I 149 consid. 3.2; 144 II 1 consid. 6.5; 136 II 78 consid. 4.8). L'art. 12 CDE est une norme directement applicable, dont la violation peut être alléguée devant le Tribunal fédéral (ATF 147 I 149 consid. 3.2; 124 III 90 consid. 3a). 
 

    
  4.2. En l'occurrence, la motivation de l'arrêt du 1er mars 2023 satisfait aux exigences minimales déduites de l'art. 29 al. 2 de la Constitution. Le Tribunal cantonal a expliqué pour quels motifs il estimait que les recourants au bénéfice d'une admission provisoire ne pouvaient pas prétendre à une autorisation de séjour, en dépit notamment du statut de leur père, titulaire d'une autorisation de séjour, et de leur bonne intégration en Suisse. Il retient également que le refus d'autorisation de séjour n'a pas pour effet de violer l'intérêt supérieur des enfants. Les recourants ont d'ailleurs été en mesure de critiquer l'arrêt en connaissance de cause, en se prévalant notamment des art. 8 CEDH et 3 CDE.
 
Concernant l'art. 12 CDE, les recourants sont représentés par leur mère. Les intérêts des enfants leur sont ici propres. Toutefois, ils ne vont en aucun cas à l'encontre des intérêts de leur mère, dès lors que la présente procédure ne porte pas atteinte à son propre séjour en Suisse. Le fait que la mère mène cette procédure dans l'intérêt exclusif de ses enfants ne signifie pas qu'elle ne serait pas en mesure de faire valoir tous les faits pertinents nécessaires et qu'une audition des enfants serait indispensable, contrairement à ce qui prévalait dans l'ATF 147 I 149. Les recourants ne l'expliquent du reste nullement. On ne voit dès lors pas que la renonciation à leur audition serait contraire à la CDE. 
Le grief de violation des art. 29 al. 2 Cst. et 12 CDE est partant infondé. 
 

    
  5. 
 
Comme déjà indiqué, l'objet du litige ne peut pas porter sur l'octroi d'une autorisation de séjour fondée sur l'art. 84 al. 5 LEI, en raison des clauses d'exclusion de l'art. 83 LTF (cf. 
  supra consid. 1.1.3). Le présent litige se limite à examiner si les recourants peuvent prétendre à l'obtention d'une autorisation de séjour basée sur les dispositions constitutionnelles et conventionnelles qu'ils invoquent, à savoir sur les art. 8 et 13 Cst., 8 et 14 CEDH et 2, 3 et 6 CDE.
 
 

    
  6.
  
 
 

    
  6.1. Les recourants, s'appuyant sur les art. 8 par. 1 CEDH et 13 Cst. (lequel a une portée identique à celle de l'art. 8 CEDH [cf. ATF 146 I 20 consid. 5.1]), font valoir que le refus de leur accorder une autorisation de séjour et leur maintien dans le statut de personnes admises à titre provisoire représente une atteinte à leur droit à la vie privée et familiale qui ne respecte pas le principe de la proportionnalité. Ils reprochent en particulier à l'autorité précédente d'avoir considéré, en s'appuyant sur les directives du Secrétariat d'Etat aux migrations, qu'ils devaient obtenir le statut du parent avec lequel ils faisaient ménage commun, soit celui de leur mère, alors qu'ils allèguent entretenir des relations étroites avec leur père. En outre, ils mettent en avant le caractère précaire d'une admission provisoire, qui limite leur possibilité de voyager et de poursuivre graduellement leur intégration. Selon eux, leur intérêt supérieur (art. 3 CDE) n'a pas été suffisamment pris en compte et aucun intérêt public ne justifie le refus d'autorisation de séjour prononcé.
 
 

    
  6.2. Dans l'arrêt attaqué, le Tribunal cantonal retient qu'en principe, les recourants doivent avoir le statut de leur mère, qui est admise provisoirement en Suisse. Il écarte l'application de l'art. 8 CEDH en se référant à la protection de la vie familiale, mais sans examiner la question sous l'angle de la protection de la vie privée.
 
 

    
  6.3. En l'occurrence, il y a tout d'abord lieu de rappeler que, dans le présent cas, la protection de l'art. 8 CEDH ne peut être invoquée qu'en lien avec la protection de la vie privée et non de la vie familiale (cf. 
  supra consid. 1.1.3).
 
Ensuite, il faut relever que, contrairement à ce que soutient le Tribunal cantonal, les enfants mineurs peuvent avoir un statut de séjour différent de celui de leur mère (cf., pour ex., arrêts 2C_109/2023 du 4 juillet 2023; 2C_257/2020 du 18 mai 2020; ce qui ne s'oppose pas au fait, qu'en principe, ils devront la suivre en cas de départ à l'étranger si elle en a la garde [cf. ATF 143 I 21 consid. 5.4; arrêt 2C_836/2022 du 22 mars 2023 consid. 4.2 et l'autre référence citée]). A cet égard, l'autorité précédente se réfère à mauvais escient aux directives LEI d'octobre 2013 établies par le Secrétariat d'Etat aux migrations (telles qu'actualisées le 1er mars 2022). En effet, le ch. 6.1.2 desdites directives, mentionné dans l'arrêt attaqué, précise le statut d'un enfant né hors mariage, ce qui n'est pas le cas des recourants. En outre, il ne ressort pas de celui-ci que l'enfant devrait par la suite conserver le même statut que le parent qui en a la garde. Dans le cas d'espèce, cette directive ne s'oppose donc pas à l'acquisition par les recourants d'un statut différent de celui de leur mère (cf. également le ch. 5.6.8 des directives précitées). Par ailleurs, il y a lieu de préciser que cette directive constitue une directive administrative qui n'a pas d'effets contraignants pour le juge (ATF 141 II 338 consid. 6.1). 
 

    
  6.4. La présente cause ne porte pas sur une mesure mettant fin au séjour en Suisse. La jurisprudence développée en lien avec une telle situation et le droit au respect de la vie privée (cf. ATF 144 I 266) n'est donc pas pleinement transposable au cas d'espèce. Il convient bien plus d'examiner si les autorités fribourgeoises avaient l'obligation (positive) de délivrer une autorisation de séjour aux recourants pour leur permettre de garantir les éléments couverts par la vie privée.
 
La CourEDH a précisé que, dans le contexte des obligations positives comme dans celui des obligations négatives, l'Etat doit ménager un juste équilibre entre les intérêts concurrents de l'individu et de la communauté dans son ensemble, les objectifs visés au par. 2 de l'art. 8, à savoir le respect du principe de la proportionnalité, jouant un certain rôle. Dans ce cadre, l'Etat jouit d'une certaine marge d'appréciation (cf. arrêts CourEDH 
  Hämäläinen c. Finlande, du 16 juillet 2014 [requête n° 37359/09], § 65 ss; 
  Rodrigues Da Silva et Hoogkamer c. Pays-Bas, du 31 janvier 2006 [requête n° 50435/99], § 39; concernant la notion d'obligation positive, cf. également NATHANAËL PÉTERMANN, Les obligations positives de l'Etat dans la jurisprudence de la Cour européenne des droits de l'homme, 2014, p. 41 ss et 49 s.). La CourEDH a également indiqué à plusieurs reprises que l'art. 8 CEDH ne garantissait pas à l'intéressé le droit à un type particulier de titre de séjour (permanent, temporaire ou autre), à condition que la solution proposée par les autorités lui permette d'exercer sans entrave ses droits au respect de la vie privée et familiale (arrêts CourEDH 
  B.A.C. c. Grèce, du 13 octobre 2016, [requête n° 11981/15], § 35; 
  Aristimuño Mendizabal c. France, du 17 janvier 2006 [requête n° 51431/99], § 66).
 
 

    
  6.5. Selon la CourEDH, la notion de ""vie privée"" de l'art. 8 CEDH est une notion large qui ne peut pas faire l'objet d'une définition exhaustive. Cette disposition protège le droit à l'épanouissement personnel, que ce soit sous la forme du développement personnel ou sous celle de l'autonomie personnelle (cf. arrêts CourEDH 
  Bărbulescu c. Roumanie du 5 septembre 2017 [requête n° 61496/08], § 70 et les références; 
  Nada c. Suisse du 12 septembre 2012 [requête n° 10593/08], § 151 s.). L'art. 8 CEDH garantit à l'individu une sphère dans laquelle il peut poursuivre librement le développement et l'épanouissement de sa personnalité (arrêt CourEDH 
  A.-M.V. c. Finlande, du 23 mars 2017 [requête n° 53251/13], § 76 et les références).
 
 

    
  6.6. Le Tribunal fédéral a déjà eu l'occasion de se pencher sur les inconvénients que présentait le statut d'admis provisoire par rapport au bénéficiaire d'une autorisation de séjour et d'examiner si ceux-ci étaient propres à entraîner une ingérence dans la protection de la vie privée garantie par l'art. 8 par. 1 CEDH (cf. ATF 147 I 268). Dans cet arrêt, le Tribunal fédéral a comparé, au regard du cas d'espèce (femme née en 1953, en Suisse depuis 1998 et au bénéfice d'une admission provisoire depuis un peu plus de dix ans), les caractéristiques de l'admission provisoire avec celles de l'autorisation de séjour. Il est arrivé à la conclusion que le statut d'admis provisoire comportait surtout des contraintes au niveau de la mobilité intercantonale et internationale (consid. 4.2 s.). Selon lui, l'atteinte au droit au respect de la vie privée qui pourrait découler de ce statut ne pouvait pas être qualifiée de grave (consid. 4.3). Constatant qu'en l'espèce, le refus d'une autorisation de séjour était de toutes les façons justifiée en application de l'art. 8 par. 2 CEDH, le Tribunal fédéral a laissé cependant ouverte la question de savoir si les inconvénients liés à la présence précaire en Suisse de l'intéressée étaient graves au point de porter atteinte à la sphère de protection de l'art. 8 par. 1 CEDH (cf. ATF 147 I 268 consid. 4.2 ss).
 
 

    
  6.7. En l'espèce, il convient donc d'examiner si le statut de personnes admises à titre provisoire est contraire au droit des recourants au respect de leur vie privée. L'examen doit se faire en prenant en compte l'intérêt supérieur des enfants, indépendamment du statut de leur mère.
 
 

    
  6.7.1. Les recourants ont certes un intérêt à pouvoir progressivement affirmer leur droit de présence en Suisse par l'obtention d'une autorisation de séjour, puis éventuellement d'établissement, voire par le biais d'une naturalisation, ce que leur statut de personne admise à titre provisoire ne leur permet pas de faire (cf. notamment art. 34 al. 2 let. a et 4 LEI et art. 9 al. 1 let. a de la loi fédérale du 20 juin 2014 sur la nationalité suisse [LN; RS 141.0]). Toutefois, dans les présentes circonstances, où les recourants ne sont pas exposés à un renvoi dans un avenir prévisible, on ne voit pas que ce désavantage entraînerait, au moment déterminant où l'arrêt attaqué a été rendu, une atteinte au respect de leur vie privée. A cet égard, on relèvera que leur statut actuel ne les empêche pas d'avoir en Suisse une vie sociale, d'y être scolarisés et d'y exercer des activités extra-scolaires. Compte tenu de leur âge, l'impossibilité d'aller à l'étranger avec leur classe, invoquée de manière théorique, ne constitue pas une limitation concrète de leur droit au respect de la vie privée. Ils peuvent en Suisse exercer sans entrave significative ledit droit et, au vu de leur âge, y poursuivre librement, avec leurs deux parents, le développement et l'épanouissement de leur personnalité. Ces éléments révèlent également que les intéressés peuvent concrètement s'intégrer en Suisse, étant par ailleurs précisé que la durée du séjour effectuée au titre d'une admission provisoire est prise en compte, de façon réduite, dans le cadre d'une naturalisation (art. 33 al. 1 let. b LN). Leurs intérêts supérieurs, tels qu'ils découlent de la CDE (à savoir notamment le droit au développement personnel, à ne pas être séparé de leurs parents et d'être élevés par eux, ainsi que le droit à l'éducation; cf. art. 3, 6, 7 al. 1, 9 al. 1 et 28 CDE) sont préservés, étant rappelé que l'art. 3 CDE ne fonde pas de prétention directe à l'octroi ou au maintien d'une autorisation (ATF 144 I 91 consid. 5.2 et les arrêts cités; arrêt 2C_763/2021 du 25 juillet 2022 consid. 7.3.1).
 
Contrairement à ce que laisse entendre l'autorité précédente, les contraintes d'une personne admise provisoirement pour voyager à l'étranger dépassent le simple désagrément de devoir accomplir des démarches administratives. Le visa de retour que celle-ci doit acquérir n'est en effet délivré qu'à certaines conditions, notamment dans des cas d'urgence ou spéciaux ou pour des raisons humanitaires (cf. art. 9 al. 1 et 4 de l'ordonnance fédérale du 14 novembre 2012 sur l'établissement de documents de voyage pour étrangers [ODV; RS 143.5]) et le livret pour étranger F, remis à la personne admise provisoirement, ne lui permet pas de passer la frontière (art. 20 al. 2 ph. 3 de l'ordonnance fédérale du 11 août 1999 sur l'exécution du renvoi et de l'expulsion d'étrangers [OERE; RS 142.281]). Cette restriction dans la mobilité peut être considérée dans le cas d'un séjour de longue durée comme une atteinte au droit au respect de la vie privée. Au regard de l'âge des recourants, qui ont 10 et 12 ans, cette atteinte doit toutefois être qualifiée de légère. Elle ne permet pas de retenir, à elle seule, qu'elle serait grave au point de faire tomber la cause dans la sphère de protection de l'art. 8 par. 1 CEDH (cf. ATF 147 I 268 consid. 4.2.3 et 4.4). 
 

    
  6.7.2. Il est par ailleurs indéniable qu'en dépit de la possibilité de travailler offerte aux personnes au bénéfice d'une admission provisoire depuis le 1er janvier 2019 (art. 85a LEI), un tel statut est propre à compliquer l'accès à une place d'apprentissage en comparaison avec une personne titulaire d'une autorisation de séjour (cf. arrêt du Tribunal administratif fédéral F-5147/2018 du 10 juin 2020 consid. 6.5.2). En outre, après dix ans de séjour au titre d'une admission provisoire, durée encore non atteinte dans le cas d'espèce, seuls des motifs sérieux peuvent justifier le refus de l'autorisation requise (cf. ATF 144 I 266 consid. 3.9). Cela étant, savoir si l'octroi d'un titre de séjour en lien avec une possibilité d'apprentissage s'imposerait, même si les recourants ne bénéficiaient pas d'une admission provisoire depuis dix ans n'a toutefois pas à être tranchée, cette question étant hypothétique compte tenu de leur âge.
 
 

    
  6.7.3. En conclusion, dans les présentes circonstances, le refus de l'autorisation en cause ne viole pas les obligations positives de l'Etat au regard du droit au respect de la vie privée. Le grief de violation de l'art. 8 CEDH est partant infondé.
 
 

    
  6.7.4. Par ailleurs, ce qui précède ne préjuge en rien de l'issue d'une nouvelle demande d'autorisation de séjour fondée sur l'art. 84 al. 5 LEI, notamment lorsque les recourants seront en âge d'envisager un apprentissage.
 
 

    
  7. 
 
Les recourants dénoncent une violation du principe de l'interdiction de discrimination, en invoquant les art. 2 CDE, 14 CEDH et 8 Cst. Ils font valoir que le fait de se voir appliquer un traitement différent de celui de leur père et de celui d'un enfant dont les parents ne sont pas divorcés viole le principe d'interdiction précité, dans l'examen de leur droit à l'octroi d'une autorisation de séjour, selon l'art. 8 CEDH. Ils voient aussi une telle violation dans le fait de ne pas pouvoir comptabiliser les années au bénéfice d'une autorisation de séjour pour prétendre à une autorisation d'établissement et en vue du dépôt d'une demande de naturalisation. 
 

    
  7.1. Selon l'art. 8 al. 2 Cst., nul ne doit subir de discrimination du fait notamment de son origine, de sa race, de son sexe, de son âge, de sa langue, de sa situation sociale, de son mode de vie, de ses convictions religieuses, philosophiques ou politiques ni du fait d'une déficience corporelle, mentale ou psychique. Une discrimination au sens de l'art. 8 al. 2 Cst. est réalisée lorsqu'une personne est juridiquement traitée de manière différente, uniquement en raison de son appartenance à un groupe déterminé historiquement ou dans la réalité sociale contemporaine, mise à l'écart ou considérée comme de moindre valeur. La discrimination constitue une forme qualifiée d'inégalité de traitement de personnes dans des situations comparables, dans la mesure où elle produit sur un être humain un effet dommageable, qui doit être considéré comme un avilissement ou une exclusion, car elle se rapporte à un critère de distinction qui concerne une part essentielle de l'identité de la personne intéressée ou à laquelle il lui est difficilement possible de renoncer (ATF 148 I 160 consid. 8.1 et la référence).
 
En l'occurrence, le Tribunal fédéral a déjà eu l'occasion de préciser que les réfugiés admis à titre provisoire, en tant que groupe, ne tombaient pas dans le champ de protection de l'art. 8 al. 2 Cst. (cf. arrêt 1D_3/2014 du 11 mars 2015 consid. 5.2). Le grief de violation de cette disposition est partant infondé. 
Par ailleurs, le statut d'enfants de parents divorcés repose sur des considérations juridiques et non sociales. Il ne s'agit pas d'un élément essentiel de l'identité et une caractéristique proprement dite de la personnalité des personnes concernées. On ne peut partant pas retenir que ce statut constituerait un groupe visé part l'art. 8 al. 2 de la Constitution. 
 

    
  7.2. Selon la jurisprudence constante de la CourEDH, l'art. 14 CEDH complète les autres clauses normatives de la Convention et de ses Protocoles. Il n'a pas d'existence indépendante. Il est en revanche autonome, son application ne présupposant pas nécessairement la violation de l'un des droits matériels garantis par la Convention. Pour que l'art. 14 CEDH trouve application il faut que les faits de la cause tombent ""sous l'empire"" de l'un au moins des art. de la Convention (cf. arrêt CourEDH 
  Semenya c. Suisse du 11 juillet 2023 [requête n° 10934/21], § 119 s. et les références).
 
Dans les présentes circonstances, les griefs des recourants ne tombant pas dans le champ de protection de l'art. 8 CEDH (cf. 
  supra consid. 6.7.1 s.), l'art. 14 CEDH ne s'applique pas.
 
 

    
  7.3. L'art. 2 CDE s'applique de façon accessoire, c'est-à-dire que la discrimination n'est interdite que par rapport aux garanties de la CDE (cf. NULA FREI, La mise en oeuvre de la CDE par les villes et les communes suisses, in Revue suisse de droit international et européen, 2022 p. 585, 596 et la référence).
 
 
En l'espèce, la violation de l'art. 2 CDE n'est pas motivée en lien avec une autre disposition de la CDE. Les recourants n'indiquent pas dans l'exercice de quel droit énoncé par la CDE ils seraient discriminés. Le grief doit partant être écarté faute de motivation suffisante (art. 106 al. 2 LTF). 
 

    
  7.4. Les griefs de violation des art. 8 al. 2 Cst., 14 CEDH et 2 CDE doivent ainsi être rejetés dans la mesure de leur recevabilité.
 
Le Tribunal cantonal n'a dès lors pas violé le droit conventionnel en confirmant le refus d'octroi d'autorisations de séjour aux recourants. 
Cela étant, sous l'angle du droit interne, il y a lieu de rappeler que de par sa conception, le statut de personne admise à titre provisoire en Suisse n'est pas conçu pour durer (cf. art. 84 al. 5 LEI; arrêt 1D_3/2014 du 11 mars 2015 consid. 5.2.4) et que les recourants resteront libres de déposer une nouvelle demande d'autorisation de séjour ultérieurement. 
 

    
  8. 
 
Les recourants se plaignent d'une violation de leur droit à l'assistance d'un défenseur, en invoquant notamment l'art. 29 de la Constitution. 
 

    
  8.1. A teneur de l'art. 29 al. 3 Cst., toute personne qui ne dispose pas de ressources suffisantes a droit, à moins que sa cause paraisse dépourvue de toute chance de succès, à l'assistance judiciaire gratuite. Elle a en outre droit à l'assistance gratuite d'un défenseur, dans la mesure où la sauvegarde de ses droits le requiert.
 
L'absence de chances de succès peut résulter des faits ou du droit. L'assistance judiciaire est ainsi refusée s'il apparaît d'emblée que les faits pertinents allégués sont invraisemblables ou ne pourront pas être prouvés. Il en va de même si, en droit, la démarche du requérant paraît d'emblée irrecevable ou juridiquement infondée. Déterminer s'il existe des chances de succès est une question de droit, que le Tribunal fédéral examine librement (arrêt 2C_1028/2022 du 22 mars 2023 consid. 6). 
 

    
  8.2. Le Tribunal cantonal a refusé l'octroi de l'assistance judiciaire en raison de l'absence de chance de succès du recours déposé devant lui. Le litige se limite donc à ce point.
 
 
En l'occurrence, l'art. 84 al. 5 LEI prévoit que les demandes d'autorisation de séjour déposées par un étranger admis à titre provisoire et résidant en Suisse depuis plus de cinq ans doivent être examinées de manière approfondie, en fonction de son niveau d'intégration, de sa situation familiale et de l'exigibilité d'un retour dans son pays de provenance. En outre, la jurisprudence n'exclut pas qu'une personne au bénéfice d'une admission provisoire en Suisse et résidant dans ce pays depuis une longue période puisse se prévaloir de l'art. 8 CEDH sous l'angle du droit au respect de la vie privée pour prétendre à l'octroi d'une autorisation de séjour en Suisse (ATF 147 I 268). Dès lors, sur le vu de la durée du séjour en Suisse des recourants, qui sont au bénéfice d'une admission provisoire depuis un peu moins de dix ans, de leur bonne intégration dans ce pays et du statut de leur père qui est titulaire d'une autorisation de séjour, le recours déposé contre le refus d'autorisation de séjour prononcé par le Service cantonal n'était pas dénué de chance de succès. 
Le Tribunal cantonal ne pouvait ainsi pas refuser l'assistance judiciaire pour ce motif. Le recours est partant bien fondé sur ce point. 
 

    
  9. 
 
Les considérants qui précèdent conduisent à l'admission très partielle du recours en matière de droit public et à l'annulation de l'arrêt attaqué dans la mesure où il rejette la requête d'assistance judiciaire déposée par les recourants. Il est rejeté pour le surplus. Le recours constitutionnel subsidiaire est irrecevable (cf. 
  supra consid. 1.1.4). La cause est renvoyée au Tribunal cantonal pour qu'il examine si les autres conditions de l'assistance judiciaire, que celle des chances de succès, sont réalisées (à savoir celles de l'indigence et de la nécessité d'une représentation d'office) et pour qu'il rende une nouvelle décision sur ce point.
 
 

    
  10.
  
 
Les recourants, qui obtiennent (très) partiellement gain de cause avec l'assistance d'un avocat, ont droit à des dépens réduits, à la charge de l'Etat de Fribourg (art. 68 al. 2 LTF). Ces dépens seront versés à leur avocate, dès lors qu'ils obtiennent l'assistance judiciaire (cf. 
  infra consid. 11).
 
 

    
  11. 
 
Les frais judiciaires, eux aussi réduits, doivent en principe être mis à la charge des recourants qui succombent partielle ment (art. 66 al. 1 et 4 LTF). Ils ont toutefois déposé une demande d'assistance judiciaire complète pour la procédure fédérale. 
 

    
  11.1. Selon la jurisprudence, seuls les avocats autorisés à pratiquer la représentation en justice et qui remplissent donc les conditions pour être inscrits à un registre cantonal des avocats selon l'art. 8 de la loi fédérale du 23 juin 2000 sur les avocats (LLCA; RS 935.61), peuvent être désignés comme avocats d'office (cf. ATF 132 V 200 consid. 5.1.3; arrêt 2C_716/2014 du 26 novembre 2015 consid. 7.2, non publié in ATF 142 II 35). Lorsqu'une organisation accorde une aide juridique par son avocat, il y a lieu d'admettre la requête d'assistance judiciaire si, en plus des conditions générales d'octroi de l'art. 64 LTF que sont l'indigence, les chances de succès et la nécessité de l'assistance d'un avocat, les conditions suivantes sont remplies: l'organisation doit poursuivre un but d'intérêt public, doit mettre à disposition un service d'aide juridique à moindre frais et doit avoir pour but la défense d'intérêts spécifiques dans le domaine du droit social au sens de l'art. 32 RTF (RS 173.110.131) (cf. ATF 135 I 1 consid. 7.4.1). L'avocat doit par ailleurs être inscrit au registre cantonal des avocats, ce qui présuppose qu'il remplisse les conditions personnelles prévues à l'art. 8 al. 2 LLCA, et en particulier que l'organisation d'utilité publique qui l'emploie soit reconnue comme telle et que son activité de défenseur soit limitée à des mandats concernant strictement le but visé par cette organisation (cf. ATF 135 I 1 consid. 7.4.1 et la référence citée).
 
La jurisprudence précitée, rendue en matière de droit social (cf. aussi arrêts 8C_60/2020 du 8 avril 2020 consid. 7; 8C_254/2019 du 5 juillet 2019 consid. 8.2), ne doit pas être comprise comme réservant la désignation comme avocat d'office aux seuls avocats employés par une organisation dont le but d'intérêt public poursuivi relève du domaine du droit social. Ce qui est déterminant, c'est que la cause pour laquelle l'avocat est mandaté concerne strictement le domaine d'activité de l'organisation reconnue d'intérêt public par laquelle il est employé, tel que l'exige l'art. 8 al. 2 in fine LLCA (cf. arrêt 2C_71/2017 du 23 août 2017 consid. 5 et les arrêts cités). On ne voit au demeurant pas, sous réserve de ce qui précède, ce qui justifierait de traiter différemment, sous l'angle de l'assistance judiciaire, les avocats inscrits au registre cantonal en tant qu'employés d'une organisation reconnue d'utilité publique en fonction du domaine d'activité de celle-ci, dès lors qu'ils sont, à l'instar des autres avocats inscrits au registre cantonal mais exerçant leur profession de manière indépendante ou comme employés d'avocats, eux-mêmes inscrits dans un registre cantonal (cf. art. 8 al. 1 let. d LLCA), en droit de pratiquer la représentation en justice et, partant, peuvent en principe être désignés comme avocats d'office. 
 

    
  11.2. En l'espèce, la demande d'assistance judiciaire a été présentée par Me Marion Pourchet, avocate inscrite au registre des avocats du canton de Fribourg et partant autorisée à pratiquer la représentation en justice. Durant son mandat, l'avocate précitée était employée par le Bureau de consultation juridique de Caritas Suisse, à savoir une association reconnue d'utilité publique mettant à disposition un service d'aide juridique à moindre frais (cf. arrêt 5A_441/2022 du 25 novembre 2022 consid. 3.3). Cette association a, selon son extrait du registre du commerce (fait notoire pouvant être pris en compte; cf. ATF 143 IV 380 consid. 1.2; arrêt 2C_569/2018 du 27 mai 2019 consid. 3.2, non publié in ATF 145 II 303), pour but social l'aide aux personnes en détresse notamment, et son Bureau de consultation juridique fournit à cet égard des conseils juridiques dans le domaine du droit d'asile et des étrangers (cf. arrêt 5A_441/2022 précité consid. 3.2). Enfin, il n'est pas contesté que la présente cause se rapporte strictement, au fond, au domaine du droit des étrangers (cf. arrêt 5A_441/2022 précité consid. 3.4 a contrario) et que l'avocate des recourants a ainsi respecté la limitation d'activité de défenseur prévue par l'art. 8 al. 2 LLCA.
 
 

    
  11.3. Dans ces conditions, compte tenu de la situation économique et personnelle des recourants et dans la mesure où les conclusions du recours n'étaient pas d'emblée dépourvues de chances de succès (art. 64 al. 1 LTF), la requête d'assistance judiciaire peut être admise. Me Marion Pourchet sera donc désignée comme défenseure d'office des recourants pour l'ensemble de la procédure devant le Tribunal fédéral. La part des honoraires de l'avocate d'office qui n'est pas couverte par le montant des dépens réduits sera supportée par la Caisse du Tribunal fédéral. Il ne sera pas perçu de frais judiciaires (art. 64 al. 1 et 2 LTF).
 
Les recourants, par leur représentante, sont rendus attentifs au fait qu'ils sont tenus de rembourser ultérieurement la Caisse du Tribunal fédéral s'ils sont en mesure de le faire (art. 64 al. 4 LTF). 
 
 

    
   Par ces motifs, le Tribunal fédéral prononce :
  
 
 

    
  1. 
 
Le recours en matière de droit public est admis partiellement. L'arrêt du Tribunal cantonal du 1er mars 2023 est annulé dans la mesure où il rejette la requête d'assistance judiciaire déposée par les recourants. Le recours est rejeté pour le surplus. 
 

    
  2. 
 
Le recours constitutionnel subsidiaire est irrecevable. 
 

    
  3. 
 
La cause est renvoyée au Tribunal cantonal pour qu'il statue, au sens des considérants, sur la requête d'assistance judiciaire pour la procédure cantonale. 
 

    
  4. 
 
La requête d'assistance judiciaire est admise pour la procédure fédérale. 
 

    
  5. 
 
Il n'est pas perçu de frais judiciaires. 
 

    
  6. 
 
Le canton de Fribourg versera à l'avocate des recourants une indemnité de 500 fr. à titre de dépens réduits. 
 

    
  7. 
 
Me Marion Pourchet est désignée comme avocate d'office des recourants et une indemnité de 1'500 fr. lui est allouée à titre d'honoraires, à payer par la caisse du T ribunal fédéral. 
 

    
  8. 
 
Le présent arrêt est communiqué à la représentante des recourants, au Service de la population et des migrants du canton de Fribourg, au Tribunal cantonal du canton de Fribourg, Ie Cour administrative, et au Secrétariat d'Etat aux migrations. 
 
 
Lausanne, le 7 février 2024 
 
Au nom de la IIe Cour de droit public 
du Tribunal fédéral suisse 
 
La Présidente :    F. Aubry Girardin 
 
Le Greffier :    A. de Chambrier 

   ";"The text is a decision by the Swiss Federal Tribunal (Tribunal fédéral suisse) in a public interest case. The court rules that:

1. The recourants' request for assistance with legal costs (assistance judiciaire) is partially admitted, as they are not able to pay their own legal fees.
2. The recourants' representative, Me Marion Pourchet, will be designated as the defense attorney for the recourants in this case.
3. The court orders the canton of Fribourg to pay an indemnity of 500 Swiss francs to Me Marion Pourchet as reduced costs.
4. Me Marion Pourchet will receive an additional indemnity of 1,500 Swiss francs as legal fees, which will be paid by the Federal Tribunal's cash register (Caisse du Tribunal fédéral).
5. The court rules that there will be no judicial fees.

The decision is communicated to the recourants' representative, the Service de la population et des migrants of the canton of Fribourg, the Canton of Fribourg's Court, the Administrative Court (Cour administrative), and the Federal Department of Migration (Secrétariat d'Etat aux migrations)."
